unique_name,sample,date,plantsp,bee,species,choice,plant,treatment,trytolegit,robbed,timetorob,timefeeding,flower#,notes,,
Jul-28_corydalis_1_bifarius,CORYBIF039,Jul-28,corydalis,1,bifarius,yes,2,mreu,no,yes,3.43,19.77,1,,,
Jul-28_corydalis_1_bifarius,CORYBIF039,Jul-28,corydalis,1,bifarius,yes,2,mreu,no,yes,0.97,13.37,2,,,
Jul-28_corydalis_1_bifarius,CORYBIF039,Jul-28,corydalis,1,bifarius,yes,2,mreu,no,yes,0.92,14.49,3,,,
Jul-28_corydalis_1_bifarius,CORYBIF039,Jul-28,corydalis,1,bifarius,yes,2,mreu,no,yes,4.8,1.49,4,,,
Jul-28_corydalis_1_bifarius,CORYBIF039,Jul-28,corydalis,1,bifarius,yes,2,mreu,no,yes,3.86,6.71,5,,,
Jul-28_corydalis_1_bifarius,CORYBIF039,Jul-28,corydalis,1,bifarius,yes,2,mreu,no,yes,0.72,7.69,6,,,
Jul-28_corydalis_1_bifarius,CORYBIF039,Jul-28,corydalis,1,bifarius,yes,2,mreu,no,yes,1.27,0.87,7,,,
Jul-28_corydalis_1_bifarius,CORYBIF039,Jul-28,corydalis,1,bifarius,yes,2,mreu,yes,no,na,na,8,,,
Jul-28_corydalis_2_flavifrons,CORYFLAV034,Jul-28,corydalis,2,flavifrons,no,no,na,na,na,na,na,na,,,
Jul-28_corydalis_3_bifarius,CORYBIF040,Jul-28,corydalis,3,bifarius,yes,2,mreu,no,yes,1.78,10.86,1,,,
Jul-28_corydalis_3_bifarius,CORYBIF040,Jul-28,corydalis,3,bifarius,yes,2,mreu,no,yes,1.07,18.59,2,,,
Jul-28_corydalis_3_bifarius,CORYBIF040,Jul-28,corydalis,3,bifarius,yes,2,mreu,no,yes,1.82,15.48,3,,,
Jul-28_corydalis_3_bifarius,CORYBIF040,Jul-28,corydalis,3,bifarius,yes,2,mreu,no,yes,0.86,4.06,4,,,
Jul-28_corydalis_3_bifarius,CORYBIF040,Jul-28,corydalis,3,bifarius,yes,2,mreu,no,yes,1.99,6.35,5,,,
Jul-28_corydalis_3_bifarius,CORYBIF040,Jul-28,corydalis,3,bifarius,yes,2,mreu,no,yes,0.89,1.75,6,,,
Jul-28_corydalis_3_bifarius,CORYBIF040,Jul-28,corydalis,3,bifarius,yes,2,mreu,no,yes,0.88,1.44,7,,,
Jul-28_corydalis_3_bifarius,CORYBIF040,Jul-28,corydalis,3,bifarius,yes,2,mreu,yes,yes,1.19,18.43,8,,,
Jul-28_corydalis_4_flavifrons,CORYFLAV037,Jul-28,corydalis,4,flavifrons,yes,1,mreu,no,yes,1.27,1.32,2,,,
Jul-28_corydalis_4_flavifrons,CORYFLAV037,Jul-28,corydalis,4,flavifrons,yes,2,mreu,no,yes,1.14,19.13,3,,,
Jul-28_corydalis_4_flavifrons,CORYFLAV037,Jul-28,corydalis,4,flavifrons,yes,2,mreu,no,yes,1.25,14.44,4,,,
Jul-28_corydalis_4_flavifrons,CORYFLAV037,Jul-28,corydalis,4,flavifrons,yes,2,mreu,no,yes,1.11,13.19,5,,,
Jul-28_corydalis_4_flavifrons,CORYFLAV037,Jul-28,corydalis,4,flavifrons,yes,2,mreu,no,yes,0.69,5.57,6,,,
Jul-28_corydalis_4_flavifrons,CORYFLAV037,Jul-28,corydalis,4,flavifrons,yes,2,mreu,no,yes,2.05,4.69,7,,,
Jul-28_corydalis_4_flavifrons,CORYFLAV037,Jul-28,corydalis,4,flavifrons,yes,2,mreu,no,yes,0.62,11.99,8,,,
Jul-28_corydalis_4_flavifrons,CORYFLAV037,Jul-28,corydalis,4,flavifrons,yes,2,mreu,no,yes,0.55,3.61,10,,,
Jul-28_corydalis_4_flavifrons,CORYFLAV037,Jul-28,corydalis,4,flavifrons,yes,5,control,no,no,na,na,1,,,
Jul-28_corydalis_4_flavifrons,CORYFLAV037,Jul-28,corydalis,4,flavifrons,yes,2,mreu,no,no,na,na,9,,,
Jul-28_corydalis_5_bifarius,CORYBIF043,Jul-28,corydalis,5,bifarius,yes,6,control,yes,yes,41.59,4.2,4,,,
Jul-28_corydalis_5_bifarius,CORYBIF043,Jul-28,corydalis,5,bifarius,yes,6,control,no,yes,2.56,1.81,5,,,
Jul-28_corydalis_5_bifarius,CORYBIF043,Jul-28,corydalis,5,bifarius,yes,6,control,yes,yes,5.58,16.47,6,,,
Jul-28_corydalis_5_bifarius,CORYBIF043,Jul-28,corydalis,5,bifarius,yes,4,control,yes,yes,5.17,5.37,11,,,
Jul-28_corydalis_5_bifarius,CORYBIF043,Jul-28,corydalis,5,bifarius,yes,3,mreu,yes,yes,3.1,17.39,1,,,
Jul-28_corydalis_5_bifarius,CORYBIF043,Jul-28,corydalis,5,bifarius,yes,3,mreu,no,yes,1.94,4.7,2,,,
Jul-28_corydalis_5_bifarius,CORYBIF043,Jul-28,corydalis,5,bifarius,yes,3,mreu,no,yes,16.66,3.69,8,,,
Jul-28_corydalis_5_bifarius,CORYBIF043,Jul-28,corydalis,5,bifarius,yes,3,mreu,no,yes,2.13,6.36,9,,,
Jul-28_corydalis_5_bifarius,CORYBIF043,Jul-28,corydalis,5,bifarius,yes,1,mreu,yes,yes,7.08,0.99,13,,,
Jul-28_corydalis_5_bifarius,CORYBIF043,Jul-28,corydalis,5,bifarius,yes,2,mreu,no,yes,1.86,1.44,14,,,
Jul-28_corydalis_5_bifarius,CORYBIF043,Jul-28,corydalis,5,bifarius,yes,6,control,yes,no,na,na,7,23.31tryingtolegit,,
Jul-28_corydalis_5_bifarius,CORYBIF043,Jul-28,corydalis,5,bifarius,yes,4,control,no,no,na,na,12,,,
Jul-28_corydalis_5_bifarius,CORYBIF043,Jul-28,corydalis,5,bifarius,yes,5,control,yes,no,na,na,15,,,
Jul-28_corydalis_5_bifarius,CORYBIF043,Jul-28,corydalis,5,bifarius,yes,4,control,yes,no,na,na,16,,,
Jul-28_corydalis_5_bifarius,CORYBIF043,Jul-28,corydalis,5,bifarius,yes,3,mreu,yes,no,na,na,3,,,
Jul-28_corydalis_5_bifarius,CORYBIF043,Jul-28,corydalis,5,bifarius,yes,3,mreu,yes,no,na,na,10,,,
Jul-28_corydalis_6_mixtus,CORYMIXT008,Jul-28,corydalis,6,mixtus,yes,3,mreu,no,yes,3.31,14.26,1,,,
Jul-28_corydalis_6_mixtus,CORYMIXT008,Jul-28,corydalis,6,mixtus,yes,3,mreu,no,yes,0.89,18.44,2,,,
Jul-28_corydalis_6_mixtus,CORYMIXT008,Jul-28,corydalis,6,mixtus,yes,3,mreu,no,yes,3.78,12.76,3,,,
Jul-28_corydalis_6_mixtus,CORYMIXT008,Jul-28,corydalis,6,mixtus,yes,3,mreu,no,yes,1.06,3.47,4,,,
Jul-28_corydalis_6_mixtus,CORYMIXT008,Jul-28,corydalis,6,mixtus,yes,2,mreu,no,yes,0.8,9.37,5,,,
Jul-28_corydalis_6_mixtus,CORYMIXT008,Jul-28,corydalis,6,mixtus,yes,2,mreu,no,yes,2.04,8.42,6,,,
Jul-28_corydalis_6_mixtus,CORYMIXT008,Jul-28,corydalis,6,mixtus,yes,2,mreu,no,yes,1.09,5.77,7,,,
Jul-28_corydalis_6_mixtus,CORYMIXT008,Jul-28,corydalis,6,mixtus,yes,2,mreu,no,yes,0.57,5.25,8,,,
Jul-28_corydalis_6_mixtus,CORYMIXT008,Jul-28,corydalis,6,mixtus,yes,2,mreu,no,yes,0.6,10.01,9,,,
Jul-28_corydalis_7_bifarius,CORYBIF041,Jul-28,corydalis,7,bifarius,no,na,na,na,na,na,na,na,,,
Jul-28_corydalis_8_flavifrons,CORYFLAV035,Jul-28,corydalis,8,flavifrons,no,na,na,na,na,na,na,na,,,
Jul-28_corydalis_9_mixtus,CORYMIXT007,Jul-28,corydalis,9,mixtus,no,na,na,na,na,na,na,na,,,
Jul-28_corydalis_11_bifarius,CORYBIF042,Jul-28,corydalis,11,bifarius,yes,2,mreu,no,yes,0.97,12.82,1,,,
Jul-28_corydalis_11_bifarius,CORYBIF042,Jul-28,corydalis,11,bifarius,yes,1,mreu,no,yes,0.63,1.6,2,,,
Jul-28_corydalis_12_flavifrons,CORYFLAV036,Jul-28,corydalis,12,flavifrons,no/dead,na,na,na,na,na,na,na,,,
Jul-27_corydalis_1_bifarius,CORYBIF036,Jul-27,corydalis,1,bifarius,no,0,na,na,na,na,na,na,,,
Jul-27_corydalis_2_bifarius,CORYBIF037,Jul-27,corydalis,2,bifarius,no,0,na,na,na,na,na,na,,,
Jul-27_corydalis_3_bifarius,CORYBIF038,Jul-27,corydalis,3,bifarius,no,0,na,na,na,na,na,na,,,
Jul-27_corydalis_4_flavifrons,CORYFLAV033,Jul-27,corydalis,4,flavifrons,no,0,na,na,na,na,na,na,,,
Jul-27_corydalis_5_flavifrons,CORYFLAV032,Jul-27,corydalis,5,flavifrons,no,0,na,na,na,na,na,na,,,
Jul-27_corydalis_6_bifarius,CORYBIF035,Jul-27,corydalis,6,bifarius,no,0,na,na,na,na,na,na,,,
Jul-27_corydalis_7_flavifrons,CORYFLAV031,Jul-27,corydalis,7,flavifrons,yes,6,control,yes,yes,1.82,3.99,9,,,
Jul-27_corydalis_7_flavifrons,CORYFLAV031,Jul-27,corydalis,7,flavifrons,yes,6,control,no,yes,0,7.93,10,,,
Jul-27_corydalis_7_flavifrons,CORYFLAV031,Jul-27,corydalis,7,flavifrons,yes,6,control,no,yes,5.56,2.44,11,,,
Jul-27_corydalis_7_flavifrons,CORYFLAV031,Jul-27,corydalis,7,flavifrons,yes,6,control,no,yes,15.7,3.68,12,,,
Jul-27_corydalis_7_flavifrons,CORYFLAV031,Jul-27,corydalis,7,flavifrons,yes,6,control,no,yes,1.87,1.02,13,,,
Jul-27_corydalis_7_flavifrons,CORYFLAV031,Jul-27,corydalis,7,flavifrons,yes,5,mreu,yes,yes,7.07,13.86,3,,,
Jul-27_corydalis_7_flavifrons,CORYFLAV031,Jul-27,corydalis,7,flavifrons,yes,5,mreu,no,yes,0,3.93,4,,,
Jul-27_corydalis_7_flavifrons,CORYFLAV031,Jul-27,corydalis,7,flavifrons,yes,5,mreu,no,yes,0,1.85,5,,,
Jul-27_corydalis_7_flavifrons,CORYFLAV031,Jul-27,corydalis,7,flavifrons,yes,3,mreu,yes,yes,13.17,16.91,6,,,
Jul-27_corydalis_7_flavifrons,CORYFLAV031,Jul-27,corydalis,7,flavifrons,yes,3,mreu,no,yes,0,21.38,7,,,
Jul-27_corydalis_7_flavifrons,CORYFLAV031,Jul-27,corydalis,7,flavifrons,yes,3,mreu,no,yes,6.6,10.33,16,,,
Jul-27_corydalis_7_flavifrons,CORYFLAV031,Jul-27,corydalis,7,flavifrons,yes,3,mreu,no,yes,10.08,10.11,17,,,
Jul-27_corydalis_7_flavifrons,CORYFLAV031,Jul-27,corydalis,7,flavifrons,yes,3,mreu,no,yes,14.75,33.95,18,,,
Jul-27_corydalis_7_flavifrons,CORYFLAV031,Jul-27,corydalis,7,flavifrons,yes,5,mreu,no,yes,3.69,8.42,20,,,
Jul-27_corydalis_7_flavifrons,CORYFLAV031,Jul-27,corydalis,7,flavifrons,yes,5,mreu,no,yes,1.68,7.65,21,,,
Jul-27_corydalis_7_flavifrons,CORYFLAV031,Jul-27,corydalis,7,flavifrons,yes,5,mreu,no,yes,2.65,3.47,22,,,
Jul-27_corydalis_7_flavifrons,CORYFLAV031,Jul-27,corydalis,7,flavifrons,yes,5,mreu,no,yes,1.32,5.11,23,,,
Jul-27_corydalis_7_flavifrons,CORYFLAV031,Jul-27,corydalis,7,flavifrons,yes,5,mreu,no,yes,3.33,2.58,24,,,
Jul-27_corydalis_7_flavifrons,CORYFLAV031,Jul-27,corydalis,7,flavifrons,yes,6,control,no,no,na,na,14,,,
Jul-27_corydalis_7_flavifrons,CORYFLAV031,Jul-27,corydalis,7,flavifrons,yes,6,control,yes,no,na,na,15,,,
Jul-27_corydalis_7_flavifrons,CORYFLAV031,Jul-27,corydalis,7,flavifrons,yes,5,mreu,no,no,na,na,1,,,
Jul-27_corydalis_7_flavifrons,CORYFLAV031,Jul-27,corydalis,7,flavifrons,yes,1,mreu,no,no,na,na,2,,,
Jul-27_corydalis_7_flavifrons,CORYFLAV031,Jul-27,corydalis,7,flavifrons,yes,3,mreu,yes,no,na,na,8,,,
Jul-27_corydalis_7_flavifrons,CORYFLAV031,Jul-27,corydalis,7,flavifrons,yes,3,mreu,no,no,na,na,19,,,
Jul-27_corydalis_7_flavifrons,CORYFLAV031,Jul-27,corydalis,7,flavifrons,yes,5,mreu,no,no,na,na,25,,,
Jul-18_corydalis_10_flavifrons,CORYFLAV030,Jul-18,corydalis,10,flavifrons,no,na,na,na,na,na,na,na,,,
Aug-15_mertensia_1_flavifrons,MERFLAV028,Aug-15,mertensia,1,flavifrons,yes,2,control,no,yes,1.11,11.62,1,,,
Aug-15_mertensia_1_flavifrons,MERFLAV028,Aug-15,mertensia,1,flavifrons,yes,2,control,no,yes,5.91,10.82,2,,,
Aug-15_mertensia_1_flavifrons,MERFLAV028,Aug-15,mertensia,1,flavifrons,yes,2,control,no,yes,0.62,1.37,3,,,
Aug-15_mertensia_1_flavifrons,MERFLAV028,Aug-15,mertensia,1,flavifrons,yes,2,control,no,yes,7.13,6.93,4,,,
Aug-15_mertensia_1_flavifrons,MERFLAV028,Aug-15,mertensia,1,flavifrons,yes,2,control,no,yes,1.32,2.87,5,,,
Aug-15_mertensia_1_flavifrons,MERFLAV028,Aug-15,mertensia,1,flavifrons,yes,2,control,no,yes,4.46,1,6,,,
Aug-15_mertensia_1_flavifrons,MERFLAV028,Aug-15,mertensia,1,flavifrons,yes,5,mreu,no,yes,0.71,7.98,7,,,
Aug-15_mertensia_1_flavifrons,MERFLAV028,Aug-15,mertensia,1,flavifrons,yes,5,mreu,no,yes,2.05,3.13,8,,,
Aug-15_mertensia_1_flavifrons,MERFLAV028,Aug-15,mertensia,1,flavifrons,yes,5,mreu,no,yes,2.93,5.98,9,,,
Aug-15_mertensia_2_flavifrons,MERFLAV029,Aug-15,mertensia,2,flavifrons,yes,5,mreu,no,yes,1.54,25.23,1,,,
Aug-15_mertensia_2_flavifrons,MERFLAV029,Aug-15,mertensia,2,flavifrons,yes,2,control,no,yes,1.57,12.68,2,,,
Aug-15_mertensia_2_flavifrons,MERFLAV029,Aug-15,mertensia,2,flavifrons,yes,2,control,no,yes,1.43,12.12,3,,,
Aug-15_mertensia_2_flavifrons,MERFLAV029,Aug-15,mertensia,2,flavifrons,yes,3,control,no,yes,2.53,9.64,4,,,
Aug-15_mertensia_3_flavifrons,MERFLAV030,Aug-15,mertensia,3,flavifrons,no,na,na,na,na,na,na,na,,,
Aug-15_mertensia_4_flavifrons,MERFLAV025,Aug-15,mertensia,4,flavifrons,yes,4,mreu,yes,yes,17.31,10.96,1,,,
Aug-15_mertensia_4_flavifrons,MERFLAV025,Aug-15,mertensia,4,flavifrons,yes,4,mreu,yes,yes,18.15,10.38,2,,,
Aug-15_mertensia_4_flavifrons,MERFLAV025,Aug-15,mertensia,4,flavifrons,yes,4,mreu,no,yes,0.62,7.95,3,,,
Aug-15_mertensia_4_flavifrons,MERFLAV025,Aug-15,mertensia,4,flavifrons,yes,5,mreu,yes,yes,5.94,6.68,5,,,
Aug-15_mertensia_4_flavifrons,MERFLAV025,Aug-15,mertensia,4,flavifrons,yes,5,mreu,no,yes,3.19,2.5,6,,,
Aug-15_mertensia_4_flavifrons,MERFLAV025,Aug-15,mertensia,4,flavifrons,yes,5,mreu,no,yes,1.78,7.96,7,,,
Aug-15_mertensia_4_flavifrons,MERFLAV025,Aug-15,mertensia,4,flavifrons,yes,5,mreu,yes,yes,0.61,0.81,8,,,
Aug-15_mertensia_4_flavifrons,MERFLAV025,Aug-15,mertensia,4,flavifrons,yes,5,mreu,no,yes,0.7,5.74,9,,,
Aug-15_mertensia_4_flavifrons,MERFLAV025,Aug-15,mertensia,4,flavifrons,yes,6,mreu,yes,yes,7.37,5.85,10,,,
Aug-15_mertensia_4_flavifrons,MERFLAV025,Aug-15,mertensia,4,flavifrons,yes,6,mreu,no,yes,2.9,6.84,11,,,
Aug-15_mertensia_4_flavifrons,MERFLAV025,Aug-15,mertensia,4,flavifrons,yes,4,mreu,yes,no,na,na,4,pulled plug out,,
Aug-15_mertensia_5_flavifrons,MERFLAV026,Aug-15,mertensia,5,flavifrons,no,na,na,na,na,na,na,na,,,
Aug-15_mertensia_6_flavifrons,MERFLAV027,Aug-15,mertensia,6,flavifrons,yes,5,mreu,yes,yes,4.25,16.05,1,tried to pull cotton out,,
Aug-15_mertensia_6_flavifrons,MERFLAV027,Aug-15,mertensia,6,flavifrons,yes,5,mreu,no,yes,5.07,0.75,2,fell from the flower,,
Aug-15_mertensia_6_flavifrons,MERFLAV027,Aug-15,mertensia,6,flavifrons,yes,1,control,yes,yes,6.58,10.52,5,,,
Aug-15_mertensia_6_flavifrons,MERFLAV027,Aug-15,mertensia,6,flavifrons,yes,2,control,yes,no,na,na,4,,,
Aug-15_mertensia_6_flavifrons,MERFLAV027,Aug-15,mertensia,6,flavifrons,yes,6,mreu,yes,na,na,na,3,pulled cotton out,,
Aug-15_mertensia_7_flavifrons,MERFLAV031,Aug-15,mertensia,7,flavifrons,no,na,na,na,na,na,na,na,,,
Aug-15_mertensia_8_flavifrons,MERFLAV032,Aug-15,mertensia,8,flavifrons,yes,6,mreu,no,yes,0.68,21.74,1,,,
Aug-15_mertensia_8_flavifrons,MERFLAV032,Aug-15,mertensia,8,flavifrons,yes,6,mreu,no,yes,0.57,11.71,2,,,
Aug-15_mertensia_8_flavifrons,MERFLAV032,Aug-15,mertensia,8,flavifrons,yes,6,mreu,no,yes,0.5,1.94,3,,,
Aug-15_mertensia_8_flavifrons,MERFLAV032,Aug-15,mertensia,8,flavifrons,yes,6,mreu,no,yes,1.86,1.15,4,,,
Aug-15_mertensia_8_flavifrons,MERFLAV032,Aug-15,mertensia,8,flavifrons,yes,4,mreu,no,yes,5.25,1.9,5,,,
Aug-15_mertensia_8_flavifrons,MERFLAV032,Aug-15,mertensia,8,flavifrons,yes,5,mreu,no,yes,3.88,1.98,6,,,
Aug-14_mertensia_1_flavifrons,MERFLAV014,Aug-14,mertensia,1,flavifrons,yes,2,control,yes,yes,21.62,15.63,1,,,
Aug-14_mertensia_1_flavifrons,MERFLAV014,Aug-14,mertensia,1,flavifrons,yes,2,control,no,yes,4.02,13.01,2,,,
Aug-14_mertensia_1_flavifrons,MERFLAV014,Aug-14,mertensia,1,flavifrons,yes,1,mreu,no,yes,4.38,12.13,1,,,
Aug-14_mertensia_1_flavifrons,MERFLAV014,Aug-14,mertensia,1,flavifrons,yes,1,mreu,no,yes,0.71,14.94,2,,,
Aug-14_mertensia_1_flavifrons,MERFLAV014,Aug-14,mertensia,1,flavifrons,yes,1,mreu,no,yes,1.17,0.84,3,,,
Aug-14_mertensia_1_flavifrons,MERFLAV014,Aug-14,mertensia,1,flavifrons,yes,1,mreu,no,yes,0.87,16.99,4,,,
Aug-14_mertensia_1_flavifrons,MERFLAV014,Aug-14,mertensia,1,flavifrons,yes,1,mreu,no,yes,3.57,1.12,5,,,
Aug-14_mertensia_1_flavifrons,MERFLAV014,Aug-14,mertensia,1,flavifrons,yes,2,control,yes,yes,21.16,2.76,6,can't find hole,,
Aug-14_mertensia_1_flavifrons,MERFLAV014,Aug-14,mertensia,1,flavifrons,yes,2,control,no,yes,9.21,1.8,7,,,
Aug-14_mertensia_1_flavifrons,MERFLAV014,Aug-14,mertensia,1,flavifrons,yes,3,mreu,no,yes,11.52,11.95,8,,,
Aug-14_mertensia_1_flavifrons,MERFLAV014,Aug-14,mertensia,1,flavifrons,yes,5,control,no,yes,3.63,11.41,9,,,
Aug-14_mertensia_1_flavifrons,MERFLAV014,Aug-14,mertensia,1,flavifrons,yes,5,control,no,yes,6.24,9.79,10,,,
Aug-14_mertensia_1_flavifrons,MERFLAV014,Aug-14,mertensia,1,flavifrons,yes,5,control,no,yes,5.05,8.1,11,,,
Aug-14_mertensia_1_flavifrons,MERFLAV014,Aug-14,mertensia,1,flavifrons,yes,6,control,yes,no,na,na,na,,,
Aug-14_mertensia_2_flavifrons,MERFLAV015,Aug-14,mertensia,2,flavifrons,yes,2,control,yes,yes,9.45,9.06,2,,,
Aug-14_mertensia_2_flavifrons,MERFLAV015,Aug-14,mertensia,2,flavifrons,yes,2,control,no,yes,2.95,63.05,3,,,
Aug-14_mertensia_2_flavifrons,MERFLAV015,Aug-14,mertensia,2,flavifrons,yes,2,control,yes,no,na,70.43,1,cotton ball pulled out,,
Aug-14_mertensia_3_flavifrons,MERFLAV016,Aug-14,mertensia,3,flavifrons,no,na,na,na,na,na,na,na,,,
Aug-14_mertensia_4_flavifrons,MERFLAV017,Aug-14,mertensia,4,flavifrons,no,na,na,na,na,na,na,na,,,
Aug-14_mertensia_5_flavifrons,MERFLAV018,Aug-14,mertensia,5,flavifrons,yes,6,control,yes,no,na,na,na,just stood on top of plant,,
Aug-14_mertensia_5_flavifrons,MERFLAV018,Aug-14,mertensia,5,flavifrons,yes,5,control,yes,no,na,na,na,,,
Aug-14_mertensia_6_flavifrons,MERFLAV019,Aug-14,mertensia,6,flavifrons,no,na,na,na,na,na,na,na,,,
Aug-14_mertensia_7_flavifrons,MERFLAV020,Aug-14,mertensia,7,flavifrons,no,na,na,na,na,na,na,na,,,
Aug-14_mertensia_8_flavifrons,MERFLAV021,Aug-14,mertensia,8,flavifrons,no,na,na,na,na,na,na,na,,,
Aug-14_mertensia_9_flavifrons,MERFLAV022,Aug-14,mertensia,9,flavifrons,no,na,na,na,na,na,na,na,,,
Aug-14_mertensia_10_flavifrons,MERFLAV023,Aug-14,mertensia,10,flavifrons,yes,3,mreu,no,yes,1.55,31.71,2,,,
Aug-14_mertensia_10_flavifrons,MERFLAV023,Aug-14,mertensia,10,flavifrons,yes,3,mreu,yes,no,na,90,1,pulled cotton ball out/ returned to this plant ,,
Aug-14_mertensia_11_flavifrons,MERFLAV024,Aug-14,mertensia,11,flavifrons,no,na,na,na,na,na,na,na,,,
Aug-11_mertensia_1_flavifrons,MERFLAV011,Aug-11,mertensia,1,flavifrons,yes,3,mreu,yes,yes,2.96,13.69,1,cold morning,,
Aug-11_mertensia_1_flavifrons,MERFLAV011,Aug-11,mertensia,1,flavifrons,yes,3,mreu,no,yes,1.62,2.14,2,,,
Aug-11_mertensia_1_flavifrons,MERFLAV011,Aug-11,mertensia,1,flavifrons,yes,3,mreu,yes,yes,4.25,9.29,3,,,
Aug-11_mertensia_1_flavifrons,MERFLAV011,Aug-11,mertensia,1,flavifrons,yes,6,control,yes,yes,4.14,6.33,4,,,
Aug-11_mertensia_1_flavifrons,MERFLAV011,Aug-11,mertensia,1,flavifrons,yes,2,mreu,no,yes,5.31,11.46,7,,,
Aug-11_mertensia_1_flavifrons,MERFLAV011,Aug-11,mertensia,1,flavifrons,yes,2,mreu,no,yes,3.37,9.92,8,,,
Aug-11_mertensia_1_flavifrons,MERFLAV011,Aug-11,mertensia,1,flavifrons,yes,1,control,yes,yes,8.84,7.57,10,,,
Aug-11_mertensia_1_flavifrons,MERFLAV011,Aug-11,mertensia,1,flavifrons,yes,4,mreu,yes,yes,6.01,9.2,11,,,
Aug-11_mertensia_1_flavifrons,MERFLAV011,Aug-11,mertensia,1,flavifrons,yes,4,mreu,no,yes,4.74,8.29,12,,,
Aug-11_mertensia_1_flavifrons,MERFLAV011,Aug-11,mertensia,1,flavifrons,yes,6,control,yes,no,na,na,5,didn’t find hole,,
Aug-11_mertensia_1_flavifrons,MERFLAV011,Aug-11,mertensia,1,flavifrons,yes,2,mreu,yes,no,na,na,6,,,
Aug-11_mertensia_1_flavifrons,MERFLAV011,Aug-11,mertensia,1,flavifrons,yes,1,control,yes,no,na,na,9,,,
Aug-11_mertensia_2_flavifrons,MERFLAV012,Aug-11,mertensia,2,flavifrons,no,na,na,na,na,na,na,na,,,
Aug-11_mertensia_3_flavifrons,MERFLAV013,Aug-11,mertensia,3,flavifrons,yes,3,mreu,yes,yes,15.82,23.24,3,,,
Aug-11_mertensia_3_flavifrons,MERFLAV013,Aug-11,mertensia,3,flavifrons,yes,3,mreu,no,yes,3.87,8.37,4,,,
Aug-11_mertensia_3_flavifrons,MERFLAV013,Aug-11,mertensia,3,flavifrons,yes,6,control,yes,yes,18.96,16.98,7,,,
Aug-11_mertensia_3_flavifrons,MERFLAV013,Aug-11,mertensia,3,flavifrons,yes,2,mreu,no,yes,5.15,7.28,8,,,
Aug-11_mertensia_3_flavifrons,MERFLAV013,Aug-11,mertensia,3,flavifrons,yes,1,control,yes,no,na,na,1,,,
Aug-11_mertensia_3_flavifrons,MERFLAV013,Aug-11,mertensia,3,flavifrons,yes,1,control,yes,no,na,na,2,,,
Aug-11_mertensia_3_flavifrons,MERFLAV013,Aug-11,mertensia,3,flavifrons,yes,5,control,yes,no,na,na,5,didn’t find hole,,
Aug-11_mertensia_3_flavifrons,MERFLAV013,Aug-11,mertensia,3,flavifrons,yes,2,mreu,yes,no,na,na,6,,,
Aug-10_mertensia_1_flavifrons,MERFLAV001,Aug-10,mertensia,1,flavifrons,no,na,na,na,na,na,na,na,,,
Aug-10_mertensia_2_flavifrons,MERFLAV002,Aug-10,mertensia,2,flavifrons,no,na,na,na,na,na,na,na,,,
Aug-10_mertensia_3_flavifrons,MERFLAV003,Aug-10,mertensia,3,flavifrons,yes,5,mreu,yes,yes,8.29,6.01,1,,,
Aug-10_mertensia_4_flavifrons,MERFLAV004,Aug-10,mertensia,4,flavifrons,no,na,na,na,na,na,na,na,,,
Aug-10_mertensia_5_flavifrons,MERFLAV005,Aug-10,mertensia,5,flavifrons,no,na,na,na,na,na,na,na,,,
Aug-10_mertensia_6_flavifrons,MERFLAV006,Aug-10,mertensia,6,flavifrons,no,na,na,na,na,na,na,na,,,
Aug-10_mertensia_7_flavifrons,MERFLAV007,Aug-10,mertensia,7,flavifrons,yes,5,mreu,yes,yes,4.31,1.75,3,,,
Aug-10_mertensia_7_flavifrons,MERFLAV007,Aug-10,mertensia,7,flavifrons,yes,5,mreu,no,yes,9.41,26.22,4,,,
Aug-10_mertensia_7_flavifrons,MERFLAV007,Aug-10,mertensia,7,flavifrons,yes,5,mreu,no,yes,1.18,2.97,5,,,
Aug-10_mertensia_7_flavifrons,MERFLAV007,Aug-10,mertensia,7,flavifrons,yes,5,mreu,no,yes,3.34,5.66,6,,,
Aug-10_mertensia_7_flavifrons,MERFLAV007,Aug-10,mertensia,7,flavifrons,yes,4,control,yes,yes,5.73,10.42,1,,,
Aug-10_mertensia_7_flavifrons,MERFLAV007,Aug-10,mertensia,7,flavifrons,yes,1,mreu,yes,yes,3.91,3.56,1,,,
Aug-10_mertensia_7_flavifrons,MERFLAV007,Aug-10,mertensia,7,flavifrons,yes,1,mreu,no,yes,8.49,1.22,2,,,
Aug-10_mertensia_7_flavifrons,MERFLAV007,Aug-10,mertensia,7,flavifrons,yes,1,mreu,no,yes,0.99,12.61,3,,,
Aug-10_mertensia_7_flavifrons,MERFLAV007,Aug-10,mertensia,7,flavifrons,yes,1,mreu,no,yes,2.19,3.27,4,,,
Aug-10_mertensia_7_flavifrons,MERFLAV007,Aug-10,mertensia,7,flavifrons,yes,1,mreu,yes,yes,0.98,7.84,5,,,
Aug-10_mertensia_7_flavifrons,MERFLAV007,Aug-10,mertensia,7,flavifrons,yes,3,mreu,no,yes,3.45,8.48,6,,,
Aug-10_mertensia_7_flavifrons,MERFLAV007,Aug-10,mertensia,7,flavifrons,yes,3,mreu,no,yes,5.17,6.55,7,,,
Aug-10_mertensia_7_flavifrons,MERFLAV007,Aug-10,mertensia,7,flavifrons,yes,3,mreu,no,yes,1.98,0.83,8,,,
Aug-10_mertensia_7_flavifrons,MERFLAV007,Aug-10,mertensia,7,flavifrons,yes,3,mreu,no,yes,0.65,3.43,9,,,
Aug-10_mertensia_7_flavifrons,MERFLAV007,Aug-10,mertensia,7,flavifrons,yes,3,mreu,no,yes,0.66,9.64,10,,,
Aug-10_mertensia_7_flavifrons,MERFLAV007,Aug-10,mertensia,7,flavifrons,yes,6,control,no,yes,1.65,1.58,11,,,
Aug-10_mertensia_7_flavifrons,MERFLAV007,Aug-10,mertensia,7,flavifrons,yes,6,control,no,yes,1.58,1.05,12,,,
Aug-10_mertensia_7_flavifrons,MERFLAV007,Aug-10,mertensia,7,flavifrons,yes,6,control,no,yes,1.87,7.37,13,,,
Aug-10_mertensia_7_flavifrons,MERFLAV007,Aug-10,mertensia,7,flavifrons,yes,6,control,no,yes,8.51,2.41,14,,,
Aug-10_mertensia_7_flavifrons,MERFLAV007,Aug-10,mertensia,7,flavifrons,yes,6,control,no,yes,1.95,0.95,15,,,
Aug-10_mertensia_7_flavifrons,MERFLAV007,Aug-10,mertensia,7,flavifrons,yes,6,control,no,yes,2.17,1.63,16,,,
Aug-10_mertensia_7_flavifrons,MERFLAV007,Aug-10,mertensia,7,flavifrons,yes,4,control,no,yes,1.1,2.25,17,,,
Aug-10_mertensia_7_flavifrons,MERFLAV007,Aug-10,mertensia,7,flavifrons,yes,5,mreu,no,yes,2.87,5.83,18,,,
Aug-10_mertensia_7_flavifrons,MERFLAV007,Aug-10,mertensia,7,flavifrons,yes,2,control,yes,no,na,na,1,>2min on decoy legit,,
Aug-10_mertensia_7_flavifrons,MERFLAV007,Aug-10,mertensia,7,flavifrons,yes,1,mreu,yes,no,na,na,2,pulling cotton ball,,
Aug-10_mertensia_8_flavifrons,MERFLAV008,Aug-10,mertensia,8,flavifrons,yes,6,control,yes,yes,23.67,18.29,1,no switcharoo,,
Aug-10_mertensia_8_flavifrons,MERFLAV008,Aug-10,mertensia,8,flavifrons,yes,6,control,no,yes,13.03,6.05,2,probing flower not finding hole,,
Aug-10_mertensia_8_flavifrons,MERFLAV008,Aug-10,mertensia,8,flavifrons,yes,6,control,yes,yes,25.05,2.58,3,visibly probing not finding,,
Aug-10_mertensia_8_flavifrons,MERFLAV008,Aug-10,mertensia,8,flavifrons,yes,6,control,no,yes,0.7,17.93,4,,,
Aug-10_mertensia_8_flavifrons,MERFLAV008,Aug-10,mertensia,8,flavifrons,yes,3,mreu,no,yes,1.89,13.93,6,,,
Aug-10_mertensia_8_flavifrons,MERFLAV008,Aug-10,mertensia,8,flavifrons,yes,3,mreu,no,yes,3.07,11.81,7,confusion if in or not,,
Aug-10_mertensia_8_flavifrons,MERFLAV008,Aug-10,mertensia,8,flavifrons,yes,3,mreu,no,yes,7.38,1.99,8,,,
Aug-10_mertensia_8_flavifrons,MERFLAV008,Aug-10,mertensia,8,flavifrons,yes,3,mreu,no,yes,4.78,16.39,9,,,
Aug-10_mertensia_8_flavifrons,MERFLAV008,Aug-10,mertensia,8,flavifrons,yes,3,mreu,no,yes,1.58,1.67,10,,,
Aug-10_mertensia_8_flavifrons,MERFLAV008,Aug-10,mertensia,8,flavifrons,yes,5,mreu,yes,yes,5.82,8.91,11,,,
Aug-10_mertensia_8_flavifrons,MERFLAV008,Aug-10,mertensia,8,flavifrons,yes,5,mreu,no,yes,3.8,13.35,12,,,
Aug-10_mertensia_8_flavifrons,MERFLAV008,Aug-10,mertensia,8,flavifrons,yes,5,mreu,no,yes,0.89,13.89,13,,,
Aug-10_mertensia_8_flavifrons,MERFLAV008,Aug-10,mertensia,8,flavifrons,yes,5,mreu,no,yes,1.3,2.54,14,,,
Aug-10_mertensia_8_flavifrons,MERFLAV008,Aug-10,mertensia,8,flavifrons,yes,4,control,no,yes,14.1,8,15,hole infront of her and missed,,
Aug-10_mertensia_8_flavifrons,MERFLAV008,Aug-10,mertensia,8,flavifrons,yes,4,control,no,yes,5.77,8.42,16,,,
Aug-10_mertensia_8_flavifrons,MERFLAV008,Aug-10,mertensia,8,flavifrons,yes,4,control,no,yes,5.15,10.85,17,,,
Aug-10_mertensia_8_flavifrons,MERFLAV008,Aug-10,mertensia,8,flavifrons,yes,2,control,no,yes,9.51,9.29,18,,,
Aug-10_mertensia_8_flavifrons,MERFLAV008,Aug-10,mertensia,8,flavifrons,yes,1,mreu,no,yes,1.68,3.6,19,,,
Aug-10_mertensia_8_flavifrons,MERFLAV008,Aug-10,mertensia,8,flavifrons,yes,6,control,yes,no,na,na,5,,,
Aug-10_mertensia_9_flavifrons,MERFLAV009,Aug-10,mertensia,9,flavifrons,no,na,na,na,na,na,na,na,,,
Aug-10_mertensia_10_flavifrons,MERFLAV010,Aug-10,mertensia,10,flavifrons,yes,1,mreu,yes,yes,13.13,10.92,1,,,
Aug-10_mertensia_10_flavifrons,MERFLAV010,Aug-10,mertensia,10,flavifrons,yes,1,mreu,no,yes,1.16,6.72,2,,,
Aug-10_mertensia_10_flavifrons,MERFLAV010,Aug-10,mertensia,10,flavifrons,yes,1,mreu,on,yes,2.57,6.77,3,,,
Aug-10_mertensia_10_flavifrons,MERFLAV010,Aug-10,mertensia,10,flavifrons,yes,3,mreu,no,yes,8.13,12.27,5,,,
Aug-10_mertensia_10_flavifrons,MERFLAV010,Aug-10,mertensia,10,flavifrons,yes,3,mreu,no,yes,1.8,2.1,6,,,
Aug-10_mertensia_10_flavifrons,MERFLAV010,Aug-10,mertensia,10,flavifrons,yes,3,mreu,no,yes,1,7.74,7,,,
Aug-10_mertensia_10_flavifrons,MERFLAV010,Aug-10,mertensia,10,flavifrons,yes,3,mreu,no,yes,0.9,3.2,8,,,
Aug-10_mertensia_10_flavifrons,MERFLAV010,Aug-10,mertensia,10,flavifrons,yes,3,mreu,no,yes,0.77,8.85,9,,,
Aug-10_mertensia_10_flavifrons,MERFLAV010,Aug-10,mertensia,10,flavifrons,yes,3,mreu,no,yes,7.97,4.69,10,biting flower,,
Aug-10_mertensia_10_flavifrons,MERFLAV010,Aug-10,mertensia,10,flavifrons,yes,1,mreu,no,yes,2.21,1.95,12,,,
Aug-10_mertensia_10_flavifrons,MERFLAV010,Aug-10,mertensia,10,flavifrons,yes,3,mreu,yes,yes,6.48,0.94,14,,,
Aug-10_mertensia_10_flavifrons,MERFLAV010,Aug-10,mertensia,10,flavifrons,yes,5,mreu,yes,yes,5.25,9.21,15,,,
Aug-10_mertensia_10_flavifrons,MERFLAV010,Aug-10,mertensia,10,flavifrons,yes,5,mreu,no,yes,3.78,1.59,16,,,
Aug-10_mertensia_10_flavifrons,MERFLAV010,Aug-10,mertensia,10,flavifrons,yes,6,control,yes,yes,8.09,6.74,17,,,
Aug-10_mertensia_10_flavifrons,MERFLAV010,Aug-10,mertensia,10,flavifrons,yes,2,control,yes,no,na,na,4,,,
Aug-10_mertensia_10_flavifrons,MERFLAV010,Aug-10,mertensia,10,flavifrons,yes,4,control,yes,no,na,na,na,,,
Aug-10_mertensia_10_flavifrons,MERFLAV010,Aug-10,mertensia,10,flavifrons,yes,1,mreu,yes,no,na,na,11,moved cotton to feed,,
Aug-10_mertensia_10_flavifrons,MERFLAV010,Aug-10,mertensia,10,flavifrons,yes,6,control,yes,no,na,na,13,,,
Aug-07_corydalis_1_bifarius,CORYBIF025,Aug-07,corydalis,1,bifarius,no,na,na,na,na,na,na,na,,,
Aug-07_corydalis_2_bifarius,CORYBIF026,Aug-07,corydalis,2,bifarius,yes,2,control,yes,yes,37.23,41.05,1,,,
Aug-07_corydalis_2_bifarius,CORYBIF026,Aug-07,corydalis,2,bifarius,yes,2,control,no,yes,2.4,13.79,2,,,
Aug-07_corydalis_2_bifarius,CORYBIF026,Aug-07,corydalis,2,bifarius,yes,2,control,no,yes,2.1,18.73,3,,,
Aug-07_corydalis_2_bifarius,CORYBIF026,Aug-07,corydalis,2,bifarius,yes,2,control,no,yes,1.86,5.55,4,,,
Aug-07_corydalis_2_bifarius,CORYBIF026,Aug-07,corydalis,2,bifarius,yes,2,control,no,yes,1.26,4.77,5,,,
Aug-07_corydalis_2_bifarius,CORYBIF026,Aug-07,corydalis,2,bifarius,yes,2,control,no,yes,3.04,5.35,6,,,
Aug-07_corydalis_2_bifarius,CORYBIF026,Aug-07,corydalis,2,bifarius,yes,2,control,no,yes,3.43,31.87,7,,,
Aug-07_corydalis_2_bifarius,CORYBIF026,Aug-07,corydalis,2,bifarius,yes,2,control,no,yes,1.01,40.81,8,,,
Aug-07_corydalis_2_bifarius,CORYBIF026,Aug-07,corydalis,2,bifarius,yes,2,control,no,yes,24.56,1.54,9,,,
Aug-07_corydalis_2_bifarius,CORYBIF026,Aug-07,corydalis,2,bifarius,yes,2,control,no,yes,1.12,0.76,10,,,
Aug-07_corydalis_2_bifarius,CORYBIF026,Aug-07,corydalis,2,bifarius,yes,2,control,no,yes,1.66,1.33,11,,,
Aug-07_corydalis_2_bifarius,CORYBIF026,Aug-07,corydalis,2,bifarius,yes,2,control,no,yes,1.15,2.38,12,,,
Aug-07_corydalis_2_bifarius,CORYBIF026,Aug-07,corydalis,2,bifarius,yes,2,control,no,yes,3.06,3.15,13,,,
Aug-07_corydalis_2_bifarius,CORYBIF026,Aug-07,corydalis,2,bifarius,yes,2,control,no,yes,2.18,17.68,14,,,
Aug-07_corydalis_2_bifarius,CORYBIF026,Aug-07,corydalis,2,bifarius,yes,2,control,no,yes,3.88,1.36,15,,,
Aug-07_corydalis_3_bifarius,CORYBIF027,Aug-07,corydalis,3,bifarius,no,na,na,na,na,na,na,na,,,
Aug-07_corydalis_4_flavifrons,CORYFLAV029,Aug-07,corydalis,4,flavifrons,yes,4,mreu,no,yes,3.6,29.44,1,,,
Aug-07_corydalis_4_flavifrons,CORYFLAV029,Aug-07,corydalis,4,flavifrons,yes,4,mreu,no,yes,9.78,2.6,2,,,
Aug-07_corydalis_4_flavifrons,CORYFLAV029,Aug-07,corydalis,4,flavifrons,yes,4,mreu,no,yes,2.49,24.73,3,,,
Aug-07_corydalis_4_flavifrons,CORYFLAV029,Aug-07,corydalis,4,flavifrons,yes,4,mreu,no,yes,4.81,19.17,4,,,
Aug-07_corydalis_4_flavifrons,CORYFLAV029,Aug-07,corydalis,4,flavifrons,yes,4,mreu,no,yes,2.08,13.63,5,,,
Aug-07_corydalis_4_flavifrons,CORYFLAV029,Aug-07,corydalis,4,flavifrons,yes,4,mreu,no,yes,6.29,3.06,6,,,
Aug-07_corydalis_4_flavifrons,CORYFLAV029,Aug-07,corydalis,4,flavifrons,yes,4,mreu,no,yes,2.47,19,7,,,
Aug-07_corydalis_4_flavifrons,CORYFLAV029,Aug-07,corydalis,4,flavifrons,yes,4,mreu,no,yes,2.25,15.01,8,,,
Aug-07_corydalis_4_flavifrons,CORYFLAV029,Aug-07,corydalis,4,flavifrons,yes,4,mreu,no,yes,0.72,13.02,9,,,
Aug-07_corydalis_4_flavifrons,CORYFLAV029,Aug-07,corydalis,4,flavifrons,yes,4,mreu,no,yes,2.03,13.94,10,,,
Aug-07_corydalis_5_bifarius,CORYBIF028,Aug-07,corydalis,5,bifarius,yes,1,control,yes,yes,39.03,21.79,1,,,
Aug-07_corydalis_5_bifarius,CORYBIF028,Aug-07,corydalis,5,bifarius,yes,1,control,no,yes,5.45,10.99,2,,,
Aug-07_corydalis_5_bifarius,CORYBIF028,Aug-07,corydalis,5,bifarius,yes,1,control,no,yes,5.75,23.19,3,,,
Aug-07_corydalis_5_bifarius,CORYBIF028,Aug-07,corydalis,5,bifarius,yes,1,control,no,yes,3.71,29.16,4,,,
Aug-07_corydalis_5_bifarius,CORYBIF028,Aug-07,corydalis,5,bifarius,yes,1,control,no,yes,1.02,0.77,5,,,
Aug-07_corydalis_5_bifarius,CORYBIF028,Aug-07,corydalis,5,bifarius,yes,1,control,no,yes,4.81,14.12,6,,,
Aug-07_corydalis_5_bifarius,CORYBIF028,Aug-07,corydalis,5,bifarius,yes,1,control,no,yes,2.44,9.32,7,,,
Aug-07_corydalis_5_bifarius,CORYBIF028,Aug-07,corydalis,5,bifarius,yes,1,control,no,yes,3.44,2.03,8,,,
Aug-07_corydalis_5_bifarius,CORYBIF028,Aug-07,corydalis,5,bifarius,yes,1,control,no,yes,2.21,12.53,9,,,
Aug-07_corydalis_5_bifarius,CORYBIF028,Aug-07,corydalis,5,bifarius,yes,1,control,yes,yes,9.86,4.95,10,,,
Aug-07_corydalis_5_bifarius,CORYBIF028,Aug-07,corydalis,5,bifarius,yes,1,control,no,yes,3.55,1.25,11,,,
Aug-07_corydalis_5_bifarius,CORYBIF028,Aug-07,corydalis,5,bifarius,yes,1,control,no,yes,10.35,1.1,12,,,
Aug-07_corydalis_5_bifarius,CORYBIF028,Aug-07,corydalis,5,bifarius,yes,1,control,no,yes,3.74,8.92,14,,,
Aug-07_corydalis_5_bifarius,CORYBIF028,Aug-07,corydalis,5,bifarius,yes,1,control,no,yes,2.15,2.77,15,,,
Aug-07_corydalis_5_bifarius,CORYBIF028,Aug-07,corydalis,5,bifarius,yes,2,control,no,yes,11.11,2.18,16,,,
Aug-07_corydalis_5_bifarius,CORYBIF028,Aug-07,corydalis,5,bifarius,yes,2,control,no,yes,1.41,8.23,17,,,
Aug-07_corydalis_5_bifarius,CORYBIF028,Aug-07,corydalis,5,bifarius,yes,2,control,yes,yes,10.58,1.81,18,,,
Aug-07_corydalis_5_bifarius,CORYBIF028,Aug-07,corydalis,5,bifarius,yes,2,control,no,yes,1.65,4.71,19,,,
Aug-07_corydalis_5_bifarius,CORYBIF028,Aug-07,corydalis,5,bifarius,yes,2,control,no,yes,1.19,0.82,20,,,
Aug-07_corydalis_5_bifarius,CORYBIF028,Aug-07,corydalis,5,bifarius,yes,4,mreu,no,yes,1.55,1.67,13,,,
Aug-07_corydalis_5_bifarius,CORYBIF028,Aug-07,corydalis,5,bifarius,yes,6,mreu,yes,yes,4.46,6.01,21,,,
Aug-07_corydalis_5_bifarius,CORYBIF028,Aug-07,corydalis,5,bifarius,yes,6,mreu,no,yes,3.16,8.24,22,,,
Aug-07_corydalis_5_bifarius,CORYBIF028,Aug-07,corydalis,5,bifarius,yes,6,mreu,no,yes,1.56,6.26,23,,,
Aug-07_corydalis_5_bifarius,CORYBIF028,Aug-07,corydalis,5,bifarius,yes,6,mreu,no,yes,1.31,0.85,24,,,
Aug-07_corydalis_5_bifarius,CORYBIF028,Aug-07,corydalis,5,bifarius,yes,2,control,no,no,na,na,na,,,
Aug-07_corydalis_5_bifarius,CORYBIF028,Aug-07,corydalis,5,bifarius,yes,2,control,yes,no,na,na,na,,,
Aug-07_corydalis_5_bifarius,CORYBIF028,Aug-07,corydalis,5,bifarius,yes,2,control,yes,no,na,na,na,,,
Aug-07_corydalis_5_bifarius,CORYBIF028,Aug-07,corydalis,5,bifarius,yes,5,mreu,yes,no,na,na,na,,,
Aug-07_corydalis_6_bifarius,CORYBIF029,Aug-07,corydalis,6,bifarius,yes,6,mreu,yes,yes,8.66,16.41,1,,,
Aug-07_corydalis_6_bifarius,CORYBIF029,Aug-07,corydalis,6,bifarius,yes,6,mreu,no,yes,1.47,17.46,2,,,
Aug-07_corydalis_6_bifarius,CORYBIF029,Aug-07,corydalis,6,bifarius,yes,6,mreu,no,yes,2.62,11.84,3,,,
Aug-07_corydalis_6_bifarius,CORYBIF029,Aug-07,corydalis,6,bifarius,yes,6,mreu,no,yes,5.63,1.95,4,,,
Aug-07_corydalis_6_bifarius,CORYBIF029,Aug-07,corydalis,6,bifarius,yes,6,mreu,no,yes,2.28,16.62,5,,,
Aug-07_corydalis_6_bifarius,CORYBIF029,Aug-07,corydalis,6,bifarius,yes,6,mreu,no,yes,4.28,11.04,6,,,
Aug-07_corydalis_6_bifarius,CORYBIF029,Aug-07,corydalis,6,bifarius,yes,6,mreu,no,yes,2.22,17.23,7,,,
Aug-07_corydalis_6_bifarius,CORYBIF029,Aug-07,corydalis,6,bifarius,yes,6,mreu,no,yes,19.42,9.18,8,,,
Aug-07_corydalis_6_bifarius,CORYBIF029,Aug-07,corydalis,6,bifarius,yes,6,mreu,no,yes,4.86,9.11,9,,,
Aug-07_corydalis_6_bifarius,CORYBIF029,Aug-07,corydalis,6,bifarius,yes,6,mreu,no,yes,1.92,0.77,10,,,
Aug-07_corydalis_6_bifarius,CORYBIF029,Aug-07,corydalis,6,bifarius,yes,6,mreu,no,yes,1.03,5.07,11,,,
Aug-07_corydalis_6_bifarius,CORYBIF029,Aug-07,corydalis,6,bifarius,yes,6,mreu,no,yes,3.07,4.06,12,,,
Aug-07_corydalis_6_bifarius,CORYBIF029,Aug-07,corydalis,6,bifarius,yes,3,control,yes,no,na,na,na,,,
Aug-07_corydalis_7_bifarius,CORYBIF030,Aug-07,corydalis,7,bifarius,no,na,na,na,na,na,na,na,,,
Aug-07_corydalis_8_bifarius,CORYBIF031,Aug-07,corydalis,8,bifarius,no,na,na,na,na,na,na,na,,,
Aug-07_corydalis_9_bifarius,CORYBIF032,Aug-07,corydalis,9,bifarius,no,na,na,na,na,na,na,na,,,
Aug-07_corydalis_10_bifarius,CORYBIF033,Aug-07,corydalis,10,bifarius,no,na,na,na,na,na,na,na,escaped,,
Aug-07_corydalis_11_bifarius,CORYBIF034,Aug-07,corydalis,11,bifarius,yes,2,control,yes,yes,5.23,3.4,7,,,
Aug-07_corydalis_11_bifarius,CORYBIF034,Aug-07,corydalis,11,bifarius,yes,2,control,no,yes,1.5,8.4,9,,,
Aug-07_corydalis_11_bifarius,CORYBIF034,Aug-07,corydalis,11,bifarius,yes,3,control,no,yes,4.28,1.18,24,,,
Aug-07_corydalis_11_bifarius,CORYBIF034,Aug-07,corydalis,11,bifarius,yes,1,control,no,yes,0.58,11.36,25,,,
Aug-07_corydalis_11_bifarius,CORYBIF034,Aug-07,corydalis,11,bifarius,yes,1,control,no,yes,2.51,4,26,,,
Aug-07_corydalis_11_bifarius,CORYBIF034,Aug-07,corydalis,11,bifarius,yes,1,control,no,yes,3.31,3.76,27,,,
Aug-07_corydalis_11_bifarius,CORYBIF034,Aug-07,corydalis,11,bifarius,yes,1,control,no,yes,4.12,8.05,28,,,
Aug-07_corydalis_11_bifarius,CORYBIF034,Aug-07,corydalis,11,bifarius,yes,1,control,no,yes,1.83,5.75,29,,,
Aug-07_corydalis_11_bifarius,CORYBIF034,Aug-07,corydalis,11,bifarius,yes,1,control,no,yes,2.98,1.07,30,,,
Aug-07_corydalis_11_bifarius,CORYBIF034,Aug-07,corydalis,11,bifarius,yes,1,control,no,yes,1.04,1.12,31,,,
Aug-07_corydalis_11_bifarius,CORYBIF034,Aug-07,corydalis,11,bifarius,yes,6,mreu,yes,yes,7.14,15.13,1,,,
Aug-07_corydalis_11_bifarius,CORYBIF034,Aug-07,corydalis,11,bifarius,yes,6,mreu,yes,yes,7.27,0.8,2,,,
Aug-07_corydalis_11_bifarius,CORYBIF034,Aug-07,corydalis,11,bifarius,yes,4,mreu,no,yes,4.67,7.3,3,,,
Aug-07_corydalis_11_bifarius,CORYBIF034,Aug-07,corydalis,11,bifarius,yes,4,mreu,no,yes,8.22,7.99,4,,,
Aug-07_corydalis_11_bifarius,CORYBIF034,Aug-07,corydalis,11,bifarius,yes,4,mreu,no,yes,5.47,5.23,5,,,
Aug-07_corydalis_11_bifarius,CORYBIF034,Aug-07,corydalis,11,bifarius,yes,4,mreu,no,yes,6.7,1.6,6,,,
Aug-07_corydalis_11_bifarius,CORYBIF034,Aug-07,corydalis,11,bifarius,yes,6,mreu,no,yes,0.62,1.83,8,,,
Aug-07_corydalis_11_bifarius,CORYBIF034,Aug-07,corydalis,11,bifarius,yes,5,mreu,no,yes,6.36,9.35,10,,,
Aug-07_corydalis_11_bifarius,CORYBIF034,Aug-07,corydalis,11,bifarius,yes,5,mreu,no,yes,4.16,5.86,11,,,
Aug-07_corydalis_11_bifarius,CORYBIF034,Aug-07,corydalis,11,bifarius,yes,5,mreu,no,yes,3.7,11.99,12,,,
Aug-07_corydalis_11_bifarius,CORYBIF034,Aug-07,corydalis,11,bifarius,yes,6,mreu,no,yes,3.75,2.52,13,,,
Aug-07_corydalis_11_bifarius,CORYBIF034,Aug-07,corydalis,11,bifarius,yes,6,mreu,no,yes,3.38,1.32,14,,,
Aug-07_corydalis_11_bifarius,CORYBIF034,Aug-07,corydalis,11,bifarius,yes,6,mreu,no,yes,0.84,1.8,15,,,
Aug-07_corydalis_11_bifarius,CORYBIF034,Aug-07,corydalis,11,bifarius,yes,5,mreu,yes,yes,5.38,11.84,16,,,
Aug-07_corydalis_11_bifarius,CORYBIF034,Aug-07,corydalis,11,bifarius,yes,5,mreu,no,yes,2.14,2.05,17,,,
Aug-07_corydalis_11_bifarius,CORYBIF034,Aug-07,corydalis,11,bifarius,yes,5,mreu,no,yes,1.93,1.92,18,,,
Aug-07_corydalis_11_bifarius,CORYBIF034,Aug-07,corydalis,11,bifarius,yes,5,mreu,no,yes,1.26,7.42,19,,,
Aug-07_corydalis_11_bifarius,CORYBIF034,Aug-07,corydalis,11,bifarius,yes,5,mreu,no,yes,10.62,1.3,20,,,
Aug-07_corydalis_11_bifarius,CORYBIF034,Aug-07,corydalis,11,bifarius,yes,6,mreu,no,yes,1.04,1.32,21,,,
Aug-07_corydalis_11_bifarius,CORYBIF034,Aug-07,corydalis,11,bifarius,yes,6,mreu,no,yes,0.7,4.98,22,,,
Aug-07_corydalis_11_bifarius,CORYBIF034,Aug-07,corydalis,11,bifarius,yes,6,mreu,no,yes,1.31,4.35,23,,,
Aug-07_corydalis_11_bifarius,CORYBIF034,Aug-07,corydalis,11,bifarius,yes,3,control,yes,no,na,na,na,,,
Aug-07_corydalis_11_bifarius,CORYBIF034,Aug-07,corydalis,11,bifarius,yes,3,control,yes,no,na,na,na,,,
Aug-07_corydalis_11_bifarius,CORYBIF034,Aug-07,corydalis,11,bifarius,yes,5,mreu,yes,no,na,na,na,,,
Aug-07_corydalis_11_bifarius,CORYBIF034,Aug-07,corydalis,11,bifarius,yes,6,mreu,yes,no,na,na,na,,,
Aug-07_corydalis_11_bifarius,CORYBIF034,Aug-07,corydalis,11,bifarius,yes,5,mreu,yes,no,na,na,na,,,
Aug-07_corydalis_11_bifarius,CORYBIF034,Aug-07,corydalis,11,bifarius,yes,5,mreu,yes,no,na,na,na,,,
Aug-07_corydalis_11_bifarius,CORYBIF034,Aug-07,corydalis,11,bifarius,yes,6,mreu,yes,no,na,na,na,,,
Aug-07_corydalis_11_bifarius,CORYBIF034,Aug-07,corydalis,11,bifarius,yes,6,mreu,yes,no,na,na,na,,,
Aug-07_corydalis_11_bifarius,CORYBIF034,Aug-07,corydalis,11,bifarius,yes,4,mreu,yes,no,na,na,na,,,
Aug-07_corydalis_11_bifarius,CORYBIF034,Aug-07,corydalis,11,bifarius,yes,4,mreu,yes,no,na,na,na,,,
Aug-04_corydalis_1_flavifrons,CORYFLAV023,Aug-04,corydalis,1,flavifrons,no,na,na,na,na,na,na,na,,,
Aug-04_corydalis_2_bifarius,CORYBIF019,Aug-04,corydalis,2,bifarius,yes,4,mreu,yes,yes,12.9,18.74,1,,,
Aug-04_corydalis_2_bifarius,CORYBIF019,Aug-04,corydalis,2,bifarius,yes,4,mreu,no,yes,4.34,2.63,2,,,
Aug-04_corydalis_2_bifarius,CORYBIF019,Aug-04,corydalis,2,bifarius,yes,4,mreu,yes,yes,8.87,15.1,3,,,
Aug-04_corydalis_2_bifarius,CORYBIF019,Aug-04,corydalis,2,bifarius,yes,4,mreu,no,yes,1.41,15.61,4,,,
Aug-04_corydalis_2_bifarius,CORYBIF019,Aug-04,corydalis,2,bifarius,yes,4,mreu,no,yes,2.59,1.85,5,,,
Aug-04_corydalis_2_bifarius,CORYBIF019,Aug-04,corydalis,2,bifarius,yes,4,mreu,no,yes,2.08,1.66,6,,,
Aug-04_corydalis_3_flavifrons,CORYFLAV024,Aug-04,corydalis,3,flavifrons,yes,3,control,yes,yes,154.7,38.51,1,2min34.7secstofindrobbinghole,,
Aug-04_corydalis_3_flavifrons,CORYFLAV024,Aug-04,corydalis,3,flavifrons,yes,3,control,no,yes,3.33,27.99,2,,,
Aug-04_corydalis_3_flavifrons,CORYFLAV024,Aug-04,corydalis,3,flavifrons,yes,3,control,no,yes,4.82,6.35,3,,,
Aug-04_corydalis_3_flavifrons,CORYFLAV024,Aug-04,corydalis,3,flavifrons,yes,3,control,no,yes,11.61,13.58,4,,,
Aug-04_corydalis_3_flavifrons,CORYFLAV024,Aug-04,corydalis,3,flavifrons,yes,3,control,no,yes,12.92,45.35,5,,,
Aug-04_corydalis_3_flavifrons,CORYFLAV024,Aug-04,corydalis,3,flavifrons,yes,3,control,no,yes,3.45,39.81,6,,,
Aug-04_corydalis_3_flavifrons,CORYFLAV024,Aug-04,corydalis,3,flavifrons,yes,3,control,no,yes,6.83,1.83,7,,,
Aug-04_corydalis_3_flavifrons,CORYFLAV024,Aug-04,corydalis,3,flavifrons,yes,3,control,yes,yes,5.77,1.41,8,,,
Aug-04_corydalis_3_flavifrons,CORYFLAV024,Aug-04,corydalis,3,flavifrons,yes,3,control,no,yes,1,1.78,9,,,
Aug-04_corydalis_3_flavifrons,CORYFLAV024,Aug-04,corydalis,3,flavifrons,yes,3,control,no,yes,6.8,0.67,10,,,
Aug-04_corydalis_3_flavifrons,CORYFLAV024,Aug-04,corydalis,3,flavifrons,yes,3,control,yes,yes,9.45,1.88,12,,,
Aug-04_corydalis_3_flavifrons,CORYFLAV024,Aug-04,corydalis,3,flavifrons,yes,3,control,no,yes,7.16,22.14,13,,,
Aug-04_corydalis_3_flavifrons,CORYFLAV024,Aug-04,corydalis,3,flavifrons,yes,3,control,no,yes,3.8,1.42,14,,,
Aug-04_corydalis_3_flavifrons,CORYFLAV024,Aug-04,corydalis,3,flavifrons,yes,3,control,no,yes,7.26,2.82,15,,,
Aug-04_corydalis_3_flavifrons,CORYFLAV024,Aug-04,corydalis,3,flavifrons,yes,3,control,no,yes,1.78,7.22,16,,,
Aug-04_corydalis_3_flavifrons,CORYFLAV024,Aug-04,corydalis,3,flavifrons,yes,3,control,no,yes,2.41,2.25,17,,,
Aug-04_corydalis_3_flavifrons,CORYFLAV024,Aug-04,corydalis,3,flavifrons,yes,5,control,yes,yes,2.78,3.9,18,,,
Aug-04_corydalis_3_flavifrons,CORYFLAV024,Aug-04,corydalis,3,flavifrons,yes,5,control,no,yes,4.57,9.38,19,,,
Aug-04_corydalis_3_flavifrons,CORYFLAV024,Aug-04,corydalis,3,flavifrons,yes,5,control,no,yes,3.05,4.69,20,,,
Aug-04_corydalis_3_flavifrons,CORYFLAV024,Aug-04,corydalis,3,flavifrons,yes,5,control,no,yes,4.66,5.15,21,,,
Aug-04_corydalis_3_flavifrons,CORYFLAV024,Aug-04,corydalis,3,flavifrons,yes,5,control,no,yes,8.26,1.68,22,,,
Aug-04_corydalis_3_flavifrons,CORYFLAV024,Aug-04,corydalis,3,flavifrons,yes,5,control,no,yes,0.77,2.27,23,,,
Aug-04_corydalis_3_flavifrons,CORYFLAV024,Aug-04,corydalis,3,flavifrons,yes,3,control,yes,no,na,na,na,5min47secondstryingtolegit,,
Aug-04_corydalis_3_flavifrons,CORYFLAV024,Aug-04,corydalis,3,flavifrons,yes,3,control,yes,no,na,na,11,,,
Aug-04_corydalis_4_flavifrons,CORYFLAV025,Aug-04,corydalis,4,flavifrons,yes,2,mreu,no,yes,1.9,18.51,1,,,
Aug-04_corydalis_4_flavifrons,CORYFLAV025,Aug-04,corydalis,4,flavifrons,yes,2,mreu,no,yes,4.71,7.96,2,,,
Aug-04_corydalis_4_flavifrons,CORYFLAV025,Aug-04,corydalis,4,flavifrons,yes,2,mreu,no,yes,0,16.46,3,,,
Aug-04_corydalis_4_flavifrons,CORYFLAV025,Aug-04,corydalis,4,flavifrons,yes,2,mreu,no,yes,2.36,1.85,4,,,
Aug-04_corydalis_4_flavifrons,CORYFLAV025,Aug-04,corydalis,4,flavifrons,yes,2,mreu,no,yes,3.51,9.34,5,,,
Aug-04_corydalis_4_flavifrons,CORYFLAV025,Aug-04,corydalis,4,flavifrons,yes,2,mreu,no,yes,14.32,1.29,6,,,
Aug-04_corydalis_4_flavifrons,CORYFLAV025,Aug-04,corydalis,4,flavifrons,yes,2,mreu,no,yes,9.21,20.78,7,,,
Aug-04_corydalis_4_flavifrons,CORYFLAV025,Aug-04,corydalis,4,flavifrons,yes,2,mreu,no,yes,12.3,1.28,8,,,
Aug-04_corydalis_5_flavifrons,CORYFLAV026,Aug-04,corydalis,5,flavifrons,yes,2,mreu,no,yes,1.88,8.46,1,,,
Aug-04_corydalis_5_flavifrons,CORYFLAV026,Aug-04,corydalis,5,flavifrons,yes,2,mreu,no,yes,3.94,18.39,2,,,
Aug-04_corydalis_5_flavifrons,CORYFLAV026,Aug-04,corydalis,5,flavifrons,yes,2,mreu,no,yes,0.71,5.2,3,,,
Aug-04_corydalis_5_flavifrons,CORYFLAV026,Aug-04,corydalis,5,flavifrons,yes,2,mreu,no,yes,5.37,12.29,4,,,
Aug-04_corydalis_5_flavifrons,CORYFLAV026,Aug-04,corydalis,5,flavifrons,yes,2,mreu,no,yes,5.48,0.77,5,,,
Aug-04_corydalis_5_flavifrons,CORYFLAV026,Aug-04,corydalis,5,flavifrons,yes,2,mreu,no,yes,1.54,1.44,6,,,
Aug-04_corydalis_5_flavifrons,CORYFLAV026,Aug-04,corydalis,5,flavifrons,yes,4,mreu,no,yes,1.48,11.77,7,,,
Aug-04_corydalis_5_flavifrons,CORYFLAV026,Aug-04,corydalis,5,flavifrons,yes,4,mreu,no,yes,1.45,8.76,8,,,
Aug-04_corydalis_5_flavifrons,CORYFLAV026,Aug-04,corydalis,5,flavifrons,yes,4,mreu,no,yes,2.17,9.34,9,,,
Aug-04_corydalis_5_flavifrons,CORYFLAV026,Aug-04,corydalis,5,flavifrons,yes,4,mreu,no,yes,1.42,0.73,10,,,
Aug-04_corydalis_5_flavifrons,CORYFLAV026,Aug-04,corydalis,5,flavifrons,yes,4,mreu,no,yes,3.21,3.25,11,,,
Aug-04_corydalis_5_flavifrons,CORYFLAV026,Aug-04,corydalis,5,flavifrons,yes,4,mreu,no,yes,2.07,2.45,12,,,
Aug-04_corydalis_5_flavifrons,CORYFLAV026,Aug-04,corydalis,5,flavifrons,yes,4,mreu,no,yes,1.09,7.79,13,,,
Aug-04_corydalis_5_flavifrons,CORYFLAV026,Aug-04,corydalis,5,flavifrons,yes,2,mreu,no,yes,3.93,4.51,14,,,
Aug-04_corydalis_5_flavifrons,CORYFLAV026,Aug-04,corydalis,5,flavifrons,yes,2,mreu,no,yes,3.38,0.83,15,,,
Aug-04_corydalis_5_flavifrons,CORYFLAV026,Aug-04,corydalis,5,flavifrons,yes,2,mreu,no,yes,3.33,1.31,16,,,
Aug-04_corydalis_5_flavifrons,CORYFLAV026,Aug-04,corydalis,5,flavifrons,yes,1,mreu,no,yes,1.14,1.81,17,,,
Aug-04_corydalis_5_flavifrons,CORYFLAV026,Aug-04,corydalis,5,flavifrons,yes,1,mreu,no,yes,0.67,0.66,18,,,
Aug-04_corydalis_5_flavifrons,CORYFLAV026,Aug-04,corydalis,5,flavifrons,yes,1,mreu,no,yes,1.01,9.45,19,,,
Aug-04_corydalis_5_flavifrons,CORYFLAV026,Aug-04,corydalis,5,flavifrons,yes,4,mreu,no,yes,1.66,1.65,20,,,
Aug-04_corydalis_6_flavifrons,CORYFLAV027,Aug-04,corydalis,6,flavifrons,yes,4,mreu,no,yes,1.96,13.86,1,,,
Aug-04_corydalis_6_flavifrons,CORYFLAV027,Aug-04,corydalis,6,flavifrons,yes,4,mreu,no,yes,3.74,27.64,2,spentmorethan60secondscrawlingonplant,,
Aug-04_corydalis_6_flavifrons,CORYFLAV027,Aug-04,corydalis,6,flavifrons,yes,4,mreu,no,yes,2.53,0.71,3,50secondsgrooming,,
Aug-04_corydalis_6_flavifrons,CORYFLAV027,Aug-04,corydalis,6,flavifrons,yes,4,mreu,no,yes,0.75,1.34,4,,,
Aug-04_corydalis_6_flavifrons,CORYFLAV027,Aug-04,corydalis,6,flavifrons,yes,4,mreu,no,yes,0.94,11.7,5,,,
Aug-04_corydalis_6_flavifrons,CORYFLAV027,Aug-04,corydalis,6,flavifrons,yes,4,mreu,no,yes,1.2,3.74,6,,,
Aug-04_corydalis_6_flavifrons,CORYFLAV027,Aug-04,corydalis,6,flavifrons,yes,4,mreu,no,yes,2.1,1.85,7,,,
Aug-04_corydalis_6_flavifrons,CORYFLAV027,Aug-04,corydalis,6,flavifrons,yes,4,mreu,no,yes,3.19,0.95,8,,,
Aug-04_corydalis_6_flavifrons,CORYFLAV027,Aug-04,corydalis,6,flavifrons,yes,4,mreu,no,yes,1.35,9.48,9,,,
Aug-04_corydalis_7_bifarius,CORYBIF020,Aug-04,corydalis,7,bifarius,no,na,na,na,na,na,na,na,,,
Aug-04_corydalis_8_bifarius,CORYBIF021,Aug-04,corydalis,8,bifarius,no,na,na,na,na,na,na,na,,,
Aug-04_corydalis_9_bifarius,CORYBIF022,Aug-04,corydalis,9,bifarius,yes,4,mreu,yes,yes,23.42,16.5,1,,,
Aug-04_corydalis_9_bifarius,CORYBIF022,Aug-04,corydalis,9,bifarius,yes,4,mreu,no,yes,11.99,3.08,2,,,
Aug-04_corydalis_9_bifarius,CORYBIF022,Aug-04,corydalis,9,bifarius,yes,4,mreu,no,yes,7.62,13.84,3,,,
Aug-04_corydalis_9_bifarius,CORYBIF022,Aug-04,corydalis,9,bifarius,yes,4,mreu,no,yes,1.36,15.64,4,,,
Aug-04_corydalis_9_bifarius,CORYBIF022,Aug-04,corydalis,9,bifarius,yes,4,mreu,no,yes,1.8,20.05,5,,,
Aug-04_corydalis_9_bifarius,CORYBIF022,Aug-04,corydalis,9,bifarius,yes,4,mreu,no,yes,1.37,9.71,6,,,
Aug-04_corydalis_9_bifarius,CORYBIF022,Aug-04,corydalis,9,bifarius,yes,4,mreu,no,yes,1.32,2.49,7,,,
Aug-04_corydalis_9_bifarius,CORYBIF022,Aug-04,corydalis,9,bifarius,yes,4,mreu,no,yes,0.89,1.54,8,,,
Aug-04_corydalis_9_bifarius,CORYBIF022,Aug-04,corydalis,9,bifarius,yes,4,mreu,no,yes,5.64,8.43,9,,,
Aug-04_corydalis_9_bifarius,CORYBIF022,Aug-04,corydalis,9,bifarius,yes,4,mreu,no,yes,13,1,10,,,
Aug-04_corydalis_9_bifarius,CORYBIF022,Aug-04,corydalis,9,bifarius,yes,4,mreu,no,yes,1.34,5.99,11,,,
Aug-04_corydalis_9_bifarius,CORYBIF022,Aug-04,corydalis,9,bifarius,yes,4,mreu,yes,yes,3.88,2.26,12,,,
Aug-04_corydalis_9_bifarius,CORYBIF022,Aug-04,corydalis,9,bifarius,yes,4,mreu,no,yes,4.71,1.24,13,,,
Aug-04_corydalis_9_bifarius,CORYBIF022,Aug-04,corydalis,9,bifarius,yes,4,mreu,no,yes,8.28,0.69,14,,,
Aug-04_corydalis_9_bifarius,CORYBIF022,Aug-04,corydalis,9,bifarius,yes,4,mreu,no,yes,1.72,4.35,15,,,
Aug-04_corydalis_9_bifarius,CORYBIF022,Aug-04,corydalis,9,bifarius,yes,2,mreu,no,yes,7.2,7.69,16,,,
Aug-04_corydalis_9_bifarius,CORYBIF022,Aug-04,corydalis,9,bifarius,yes,2,mreu,no,yes,8.98,8.25,17,,,
Aug-04_corydalis_9_bifarius,CORYBIF022,Aug-04,corydalis,9,bifarius,yes,2,mreu,no,yes,1.66,1.56,18,,,
Aug-04_corydalis_9_bifarius,CORYBIF022,Aug-04,corydalis,9,bifarius,yes,2,mreu,no,yes,16.95,1.57,19,,,
Aug-04_corydalis_10_bifarius,CORYBIF023,Aug-04,corydalis,10,bifarius,yes,5,control,no,no,na,na,na,cantfindhole,,
Aug-04_corydalis_11_bifarius,CORYBIF024,Aug-04,corydalis,11,bifarius,yes,1,mreu,no,yes,9.66,27.63,1,,,
Aug-04_corydalis_11_bifarius,CORYBIF024,Aug-04,corydalis,11,bifarius,yes,1,mreu,no,yes,5.89,18.26,2,,,
Aug-04_corydalis_11_bifarius,CORYBIF024,Aug-04,corydalis,11,bifarius,yes,1,mreu,no,yes,5.94,19.65,3,,,
Aug-04_corydalis_11_bifarius,CORYBIF024,Aug-04,corydalis,11,bifarius,yes,1,mreu,no,yes,10.63,4.71,4,,,
Aug-04_corydalis_11_bifarius,CORYBIF024,Aug-04,corydalis,11,bifarius,yes,1,mreu,no,yes,5.69,9.37,5,,,
Aug-04_corydalis_11_bifarius,CORYBIF024,Aug-04,corydalis,11,bifarius,yes,1,mreu,no,yes,6.4,12.64,6,,,
Aug-04_corydalis_11_bifarius,CORYBIF024,Aug-04,corydalis,11,bifarius,yes,1,mreu,no,yes,5.53,0.97,7,,,
Aug-04_corydalis_11_bifarius,CORYBIF024,Aug-04,corydalis,11,bifarius,yes,1,mreu,no,yes,1.17,2.04,8,,,
Aug-04_corydalis_11_bifarius,CORYBIF024,Aug-04,corydalis,11,bifarius,yes,1,mreu,no,yes,2.31,1.27,9,,,
Aug-04_corydalis_11_bifarius,CORYBIF024,Aug-04,corydalis,11,bifarius,yes,1,mreu,no,yes,6.31,0.81,10,,,
Aug-04_corydalis_11_bifarius,CORYBIF024,Aug-04,corydalis,11,bifarius,yes,1,mreu,no,yes,1.44,10.62,11,,,
Aug-04_corydalis_11_bifarius,CORYBIF024,Aug-04,corydalis,11,bifarius,yes,1,mreu,no,yes,8.84,2.15,12,,,
Aug-04_corydalis_11_bifarius,CORYBIF024,Aug-04,corydalis,11,bifarius,yes,2,mreu,no,yes,1.62,2.13,13,,,
Aug-04_corydalis_12_flavifrons,CORYFLAV028,Aug-04,corydalis,12,flavifrons,yes,4,mreu,no,yes,1.32,27,1,,,
Aug-04_corydalis_12_flavifrons,CORYFLAV028,Aug-04,corydalis,12,flavifrons,yes,4,mreu,no,yes,0.86,19.25,2,,,
Aug-04_corydalis_12_flavifrons,CORYFLAV028,Aug-04,corydalis,12,flavifrons,yes,4,mreu,no,yes,4.61,10.17,3,,,
Aug-04_corydalis_12_flavifrons,CORYFLAV028,Aug-04,corydalis,12,flavifrons,yes,4,mreu,no,yes,2.28,16.18,4,,,
Aug-04_corydalis_12_flavifrons,CORYFLAV028,Aug-04,corydalis,12,flavifrons,yes,4,mreu,no,yes,1.71,4.15,5,,,
Aug-04_corydalis_12_flavifrons,CORYFLAV028,Aug-04,corydalis,12,flavifrons,yes,4,mreu,no,yes,3.15,1.21,6,,,
Aug-04_corydalis_12_flavifrons,CORYFLAV028,Aug-04,corydalis,12,flavifrons,yes,4,mreu,no,yes,0.7,0.8,7,,,
Aug-04_corydalis_12_flavifrons,CORYFLAV028,Aug-04,corydalis,12,flavifrons,yes,4,mreu,no,yes,1.11,0.81,8,,,
Aug-04_corydalis_12_flavifrons,CORYFLAV028,Aug-04,corydalis,12,flavifrons,yes,4,mreu,no,yes,0.95,18.9,9,,,
Aug-04_corydalis_12_flavifrons,CORYFLAV028,Aug-04,corydalis,12,flavifrons,yes,4,mreu,no,yes,0.63,1.03,10,,,
Aug-04_corydalis_12_flavifrons,CORYFLAV028,Aug-04,corydalis,12,flavifrons,yes,4,mreu,no,yes,1.17,1.74,11,,,
Aug-04_corydalis_12_flavifrons,CORYFLAV028,Aug-04,corydalis,12,flavifrons,yes,4,mreu,no,yes,1.64,0.55,12,,,
Aug-04_corydalis_12_flavifrons,CORYFLAV028,Aug-04,corydalis,12,flavifrons,yes,1,mreu,no,yes,6.03,0.83,13,,,
Aug-04_corydalis_12_flavifrons,CORYFLAV028,Aug-04,corydalis,12,flavifrons,yes,1,mreu,no,yes,1.26,0.75,14,,,
Aug-04_corydalis_12_flavifrons,CORYFLAV028,Aug-04,corydalis,12,flavifrons,yes,1,mreu,no,yes,0.96,0.9,15,,,
Aug-04_corydalis_12_flavifrons,CORYFLAV028,Aug-04,corydalis,12,flavifrons,yes,1,mreu,no,yes,1.21,1.82,16,,,
Aug-04_corydalis_12_flavifrons,CORYFLAV028,Aug-04,corydalis,12,flavifrons,yes,2,mreu,no,yes,2.22,21.52,17,,,
Aug-04_corydalis_12_flavifrons,CORYFLAV028,Aug-04,corydalis,12,flavifrons,yes,2,mreu,no,yes,1.42,2.42,18,,,
Aug-03_corydalis_1_bifarius,CORYBIF013,Aug-03,corydalis,1,bifarius,no,na,na,na,na,na,na,na,,,
Aug-03_corydalis_2_flavifrons,CORYFLAV019,Aug-03,corydalis,2,flavifrons,no,na,na,na,na,na,na,na,,,
Aug-03_corydalis_3_flavifrons,CORYFLAV020,Aug-03,corydalis,3,flavifrons,yes,4,control,no,yes,1.22,3.81,5,,,
Aug-03_corydalis_3_flavifrons,CORYFLAV020,Aug-03,corydalis,3,flavifrons,yes,2,control,no,yes,3.33,2.03,6,,,
Aug-03_corydalis_3_flavifrons,CORYFLAV020,Aug-03,corydalis,3,flavifrons,yes,2,control,no,yes,1.4,6.52,7,,,
Aug-03_corydalis_3_flavifrons,CORYFLAV020,Aug-03,corydalis,3,flavifrons,yes,4,control,no,yes,4.22,5.52,16,,,
Aug-03_corydalis_3_flavifrons,CORYFLAV020,Aug-03,corydalis,3,flavifrons,yes,3,mreu,no,yes,2.01,13.32,1,,,
Aug-03_corydalis_3_flavifrons,CORYFLAV020,Aug-03,corydalis,3,flavifrons,yes,3,mreu,no,yes,2.66,5.14,2,,,
Aug-03_corydalis_3_flavifrons,CORYFLAV020,Aug-03,corydalis,3,flavifrons,yes,6,mreu,yes,yes,3.24,2.51,3,,,
Aug-03_corydalis_3_flavifrons,CORYFLAV020,Aug-03,corydalis,3,flavifrons,yes,6,mreu,no,yes,4.88,1.19,4,,,
Aug-03_corydalis_3_flavifrons,CORYFLAV020,Aug-03,corydalis,3,flavifrons,yes,5,mreu,no,yes,3.51,15.34,8,,,
Aug-03_corydalis_3_flavifrons,CORYFLAV020,Aug-03,corydalis,3,flavifrons,yes,5,mreu,no,yes,2.22,4.28,9,,,
Aug-03_corydalis_3_flavifrons,CORYFLAV020,Aug-03,corydalis,3,flavifrons,yes,5,mreu,no,yes,6.01,4.72,10,,,
Aug-03_corydalis_3_flavifrons,CORYFLAV020,Aug-03,corydalis,3,flavifrons,yes,5,mreu,no,yes,0.58,0.94,11,,,
Aug-03_corydalis_3_flavifrons,CORYFLAV020,Aug-03,corydalis,3,flavifrons,yes,5,mreu,no,yes,3.67,2.12,12,,,
Aug-03_corydalis_3_flavifrons,CORYFLAV020,Aug-03,corydalis,3,flavifrons,yes,5,mreu,no,yes,5.09,6.93,13,,,
Aug-03_corydalis_3_flavifrons,CORYFLAV020,Aug-03,corydalis,3,flavifrons,yes,5,mreu,no,yes,1.73,5.07,14,,,
Aug-03_corydalis_3_flavifrons,CORYFLAV020,Aug-03,corydalis,3,flavifrons,yes,5,mreu,no,yes,1.86,4.06,15,,,
Aug-03_corydalis_3_flavifrons,CORYFLAV020,Aug-03,corydalis,3,flavifrons,yes,3,mreu,no,yes,1.15,1.8,17,,,
Aug-03_corydalis_3_flavifrons,CORYFLAV020,Aug-03,corydalis,3,flavifrons,yes,3,mreu,no,yes,4.22,6.67,18,,,
Aug-03_corydalis_3_flavifrons,CORYFLAV020,Aug-03,corydalis,3,flavifrons,yes,3,mreu,no,yes,3.86,10.7,19,,,
Aug-03_corydalis_3_flavifrons,CORYFLAV020,Aug-03,corydalis,3,flavifrons,yes,3,mreu,no,yes,1.47,1.07,20,,,
Aug-03_corydalis_3_flavifrons,CORYFLAV020,Aug-03,corydalis,3,flavifrons,yes,6,mreu,no,yes,1.54,4.95,21,,,
Aug-03_corydalis_3_flavifrons,CORYFLAV020,Aug-03,corydalis,3,flavifrons,yes,6,mreu,no,yes,1.37,18.5,22,,,
Aug-03_corydalis_3_flavifrons,CORYFLAV020,Aug-03,corydalis,3,flavifrons,yes,6,mreu,no,yes,2.43,0.93,23,,,
Aug-03_corydalis_4_flavifrons,CORYFLAV021,Aug-03,corydalis,4,flavifrons,no,na,na,na,na,na,na,na,,,
Aug-03_corydalis_5_bifarius,CORYBIF014,Aug-03,corydalis,5,bifarius,yes,2,control,yes,yes,3.15,9.29,1,,,
Aug-03_corydalis_5_bifarius,CORYBIF014,Aug-03,corydalis,5,bifarius,yes,2,control,no,yes,2.57,3.25,2,,,
Aug-03_corydalis_5_bifarius,CORYBIF014,Aug-03,corydalis,5,bifarius,yes,2,control,no,yes,4.87,7.72,3,,,
Aug-03_corydalis_5_bifarius,CORYBIF014,Aug-03,corydalis,5,bifarius,yes,2,control,no,yes,1.14,3.35,4,,,
Aug-03_corydalis_5_bifarius,CORYBIF014,Aug-03,corydalis,5,bifarius,yes,2,control,no,yes,2.15,3.96,5,,,
Aug-03_corydalis_5_bifarius,CORYBIF014,Aug-03,corydalis,5,bifarius,yes,2,control,no,yes,5.97,2.741,6,,,
Aug-03_corydalis_5_bifarius,CORYBIF014,Aug-03,corydalis,5,bifarius,yes,2,control,no,yes,2.46,1.15,7,,,
Aug-03_corydalis_5_bifarius,CORYBIF014,Aug-03,corydalis,5,bifarius,yes,2,control,no,yes,11.23,0.93,8,,,
Aug-03_corydalis_5_bifarius,CORYBIF014,Aug-03,corydalis,5,bifarius,yes,2,control,no,yes,1.29,9.55,9,,,
Aug-03_corydalis_5_bifarius,CORYBIF014,Aug-03,corydalis,5,bifarius,yes,2,control,no,yes,5.01,2.36,10,,,
Aug-03_corydalis_5_bifarius,CORYBIF014,Aug-03,corydalis,5,bifarius,yes,2,control,no,yes,3.65,1.24,11,,,
Aug-03_corydalis_5_bifarius,CORYBIF014,Aug-03,corydalis,5,bifarius,yes,2,control,yes,yes,18.37,4.35,12,,,
Aug-03_corydalis_5_bifarius,CORYBIF014,Aug-03,corydalis,5,bifarius,yes,2,control,no,yes,6.37,12.62,13,,,
Aug-03_corydalis_5_bifarius,CORYBIF014,Aug-03,corydalis,5,bifarius,yes,2,control,no,yes,2.14,9,14,,,
Aug-03_corydalis_5_bifarius,CORYBIF014,Aug-03,corydalis,5,bifarius,yes,2,control,no,yes,3.89,0.75,15,,,
Aug-03_corydalis_5_bifarius,CORYBIF014,Aug-03,corydalis,5,bifarius,yes,2,control,no,yes,3.35,0.87,16,,,
Aug-03_corydalis_5_bifarius,CORYBIF014,Aug-03,corydalis,5,bifarius,yes,2,control,no,yes,4.22,7.03,17,,,
Aug-03_corydalis_5_bifarius,CORYBIF014,Aug-03,corydalis,5,bifarius,yes,2,control,no,yes,3.7,2.99,18,,,
Aug-03_corydalis_5_bifarius,CORYBIF014,Aug-03,corydalis,5,bifarius,yes,2,control,no,yes,1.38,1.09,19,,,
Aug-03_corydalis_5_bifarius,CORYBIF014,Aug-03,corydalis,5,bifarius,yes,2,control,no,yes,4.21,0.98,20,,,
Aug-03_corydalis_6_bifarius,CORYBIF015,Aug-03,corydalis,6,bifarius,no,na,na,na,na,na,na,na,,,
Aug-03_corydalis_7_flavifrons,CORYFLAV022,Aug-03,corydalis,7,flavifrons,no,na,na,na,na,na,na,na,,,
Aug-03_corydalis_8_mixtus,CORYMIXT005,Aug-03,corydalis,8,mixtus,no,na,na,na,na,na,na,na,,,
Aug-03_corydalis_9_mixtus,CORYMIXT006,Aug-03,corydalis,9,mixtus,yes,2,control,no,yes,1.34,1.1,1,,,
Aug-03_corydalis_9_mixtus,CORYMIXT006,Aug-03,corydalis,9,mixtus,yes,6,mreu,no,yes,1.33,3.54,2,,,
Aug-03_corydalis_9_mixtus,CORYMIXT006,Aug-03,corydalis,9,mixtus,yes,6,mreu,no,yes,2.04,7.01,3,,,
Aug-03_corydalis_9_mixtus,CORYMIXT006,Aug-03,corydalis,9,mixtus,yes,6,mreu,no,yes,4.2,2.56,4,,,
Aug-03_corydalis_9_mixtus,CORYMIXT006,Aug-03,corydalis,9,mixtus,yes,6,mreu,no,yes,1.68,7.13,5,,,
Aug-03_corydalis_9_mixtus,CORYMIXT006,Aug-03,corydalis,9,mixtus,yes,6,mreu,no,yes,5.05,5.04,6,,,
Aug-03_corydalis_9_mixtus,CORYMIXT006,Aug-03,corydalis,9,mixtus,yes,6,mreu,no,yes,3.93,8.71,7,,,
Aug-03_corydalis_9_mixtus,CORYMIXT006,Aug-03,corydalis,9,mixtus,yes,6,mreu,no,yes,2.88,6.44,8,,,
Aug-03_corydalis_9_mixtus,CORYMIXT006,Aug-03,corydalis,9,mixtus,yes,6,mreu,no,yes,1.85,1.41,9,,,
Aug-03_corydalis_9_mixtus,CORYMIXT006,Aug-03,corydalis,9,mixtus,yes,6,mreu,no,yes,1.28,5.96,10,,,
Aug-03_corydalis_9_mixtus,CORYMIXT006,Aug-03,corydalis,9,mixtus,yes,6,mreu,no,yes,4.67,1.51,11,,,
Aug-03_corydalis_9_mixtus,CORYMIXT006,Aug-03,corydalis,9,mixtus,yes,6,mreu,no,yes,1.03,6.12,12,,,
Aug-03_corydalis_9_mixtus,CORYMIXT006,Aug-03,corydalis,9,mixtus,yes,6,mreu,no,yes,2.47,2.44,13,,,
Aug-03_corydalis_9_mixtus,CORYMIXT006,Aug-03,corydalis,9,mixtus,yes,6,mreu,no,yes,5.72,5.98,14,,,
Aug-03_corydalis_9_mixtus,CORYMIXT006,Aug-03,corydalis,9,mixtus,yes,2,control,yes,no,no,no,na,11.48secsonplant,,
Aug-03_corydalis_9_mixtus,CORYMIXT006,Aug-03,corydalis,9,mixtus,yes,1,control,no,no,no,no,na,10sonplantnotfindinghole,,
Aug-03_corydalis_10_bifarius,CORYBIF016,Aug-03,corydalis,10,bifarius,no,na,na,na,na,na,na,na,,,
Aug-03_corydalis_11_bifarius,CORYBIF017,Aug-03,corydalis,11,bifarius,yes,2,control,yes,yes,14.72,17.72,1,,,
Aug-03_corydalis_11_bifarius,CORYBIF017,Aug-03,corydalis,11,bifarius,yes,2,control,no,yes,9.77,7.25,2,,,
Aug-03_corydalis_11_bifarius,CORYBIF017,Aug-03,corydalis,11,bifarius,yes,2,control,yes,yes,10.67,5.17,3,,,
Aug-03_corydalis_11_bifarius,CORYBIF017,Aug-03,corydalis,11,bifarius,yes,2,control,no,yes,0.79,3.62,4,,,
Aug-03_corydalis_11_bifarius,CORYBIF017,Aug-03,corydalis,11,bifarius,yes,2,control,no,yes,5.36,9.01,5,,,
Aug-03_corydalis_11_bifarius,CORYBIF017,Aug-03,corydalis,11,bifarius,yes,2,control,no,yes,2.13,6.12,6,,,
Aug-03_corydalis_11_bifarius,CORYBIF017,Aug-03,corydalis,11,bifarius,yes,2,control,yes,yes,10.1,10.69,7,,,
Aug-03_corydalis_11_bifarius,CORYBIF017,Aug-03,corydalis,11,bifarius,yes,2,control,no,yes,11.22,2.76,8,,,
Aug-03_corydalis_11_bifarius,CORYBIF017,Aug-03,corydalis,11,bifarius,yes,2,control,no,yes,6.92,7.79,9,,,
Aug-03_corydalis_11_bifarius,CORYBIF017,Aug-03,corydalis,11,bifarius,yes,2,control,yes,no,na,na,na,,,
Aug-03_corydalis_12_bifarius,CORYBIF018,Aug-03,corydalis,12,bifarius,no,na,na,na,na,na,na,na,,,
Aug-02_corydalis_1_flavifrons,CORYFLAV013,Aug-02,corydalis,1,flavifrons,yes,6,mreu,no,yes,1.46,4.71,1,,,
Aug-02_corydalis_2_bifarius,CORYBIF008,Aug-02,corydalis,2,bifarius,yes,5,control,yes,yes,7.34,14.69,2,,,
Aug-02_corydalis_2_bifarius,CORYBIF008,Aug-02,corydalis,2,bifarius,yes,5,control,no,yes,4.58,11.97,3,,,
Aug-02_corydalis_2_bifarius,CORYBIF008,Aug-02,corydalis,2,bifarius,yes,5,control,no,yes,1.77,1.63,4,,,
Aug-02_corydalis_2_bifarius,CORYBIF008,Aug-02,corydalis,2,bifarius,yes,5,control,no,yes,8.65,9.36,5,,,
Aug-02_corydalis_2_bifarius,CORYBIF008,Aug-02,corydalis,2,bifarius,yes,5,control,no,yes,1.97,20.44,6,,,
Aug-02_corydalis_2_bifarius,CORYBIF008,Aug-02,corydalis,2,bifarius,yes,5,control,no,yes,7.12,1.69,7,,,
Aug-02_corydalis_2_bifarius,CORYBIF008,Aug-02,corydalis,2,bifarius,yes,5,control,no,yes,2.46,1.57,8,,,
Aug-02_corydalis_2_bifarius,CORYBIF008,Aug-02,corydalis,2,bifarius,yes,5,control,no,yes,3.57,27.6,9,,,
Aug-02_corydalis_2_bifarius,CORYBIF008,Aug-02,corydalis,2,bifarius,yes,5,control,no,yes,1.04,13.21,10,,,
Aug-02_corydalis_2_bifarius,CORYBIF008,Aug-02,corydalis,2,bifarius,yes,6,mreu,yes,no,na,na,1,,,
Aug-02_corydalis_3_bifarius,CORYBIF009,Aug-02,corydalis,3,bifarius,no,na,na,na,na,na,na,na,,,
Aug-02_corydalis_4_bifarius,CORYBIF010,Aug-02,corydalis,4,bifarius,no,na,na,na,na,na,na,na,,,
Aug-02_corydalis_5_mixtus,CORYMIXT004,Aug-02,corydalis,5,mixtus,no,na,na,na,na,na,na,na,,,
Aug-02_corydalis_6_flavifrons,CORYFLAV014,Aug-02,corydalis,6,flavifrons,no,na,na,na,na,na,na,na,,,
Aug-02_corydalis_7_bifarius,CORYBIF011,Aug-02,corydalis,7,bifarius,yes,2,mreu,no,yes,1.99,22.47,1,,,
Aug-02_corydalis_7_bifarius,CORYBIF011,Aug-02,corydalis,7,bifarius,yes,2,mreu,no,yes,2.65,14.35,2,,,
Aug-02_corydalis_7_bifarius,CORYBIF011,Aug-02,corydalis,7,bifarius,yes,2,mreu,no,yes,0.9,4.48,3,,,
Aug-02_corydalis_7_bifarius,CORYBIF011,Aug-02,corydalis,7,bifarius,yes,2,mreu,no,yes,1.55,1.17,4,,,
Aug-02_corydalis_7_bifarius,CORYBIF011,Aug-02,corydalis,7,bifarius,yes,2,mreu,no,yes,1.82,17.7,5,,,
Aug-02_corydalis_7_bifarius,CORYBIF011,Aug-02,corydalis,7,bifarius,yes,2,mreu,no,yes,2.53,2.69,6,,,
Aug-02_corydalis_7_bifarius,CORYBIF011,Aug-02,corydalis,7,bifarius,yes,2,mreu,no,yes,4.56,1.21,7,,,
Aug-02_corydalis_7_bifarius,CORYBIF011,Aug-02,corydalis,7,bifarius,yes,2,mreu,no,yes,0.88,3.7,10,,,
Aug-02_corydalis_7_bifarius,CORYBIF011,Aug-02,corydalis,7,bifarius,yes,2,mreu,no,yes,2.15,1.56,11,,,
Aug-02_corydalis_7_bifarius,CORYBIF011,Aug-02,corydalis,7,bifarius,yes,2,mreu,no,yes,8.57,2.4,12,,,
Aug-02_corydalis_7_bifarius,CORYBIF011,Aug-02,corydalis,7,bifarius,yes,6,mreu,yes,yes,6.04,1.9,13,,,
Aug-02_corydalis_7_bifarius,CORYBIF011,Aug-02,corydalis,7,bifarius,yes,6,mreu,yes,yes,5.05,11.48,14,,,
Aug-02_corydalis_7_bifarius,CORYBIF011,Aug-02,corydalis,7,bifarius,yes,2,mreu,yes,no,na,na,8,,,
Aug-02_corydalis_7_bifarius,CORYBIF011,Aug-02,corydalis,7,bifarius,yes,2,mreu,yes,no,na,na,9,,,
Aug-02_corydalis_8_bifarius,CORYBIF012,Aug-02,corydalis,8,bifarius,yes,5,control,no,yes,0.73,12.12,17,,,
Aug-02_corydalis_8_bifarius,CORYBIF012,Aug-02,corydalis,8,bifarius,yes,5,control,no,yes,2.07,2.28,18,,,
Aug-02_corydalis_8_bifarius,CORYBIF012,Aug-02,corydalis,8,bifarius,yes,5,control,no,yes,0.93,7.52,19,,,
Aug-02_corydalis_8_bifarius,CORYBIF012,Aug-02,corydalis,8,bifarius,yes,5,control,no,yes,4.48,2.32,20,,,
Aug-02_corydalis_8_bifarius,CORYBIF012,Aug-02,corydalis,8,bifarius,yes,5,control,no,yes,0.74,2.54,21,,,
Aug-02_corydalis_8_bifarius,CORYBIF012,Aug-02,corydalis,8,bifarius,yes,5,control,no,yes,1.87,2.01,22,,,
Aug-02_corydalis_8_bifarius,CORYBIF012,Aug-02,corydalis,8,bifarius,yes,3,control,no,yes,1.03,3.66,1,,,
Aug-02_corydalis_8_bifarius,CORYBIF012,Aug-02,corydalis,8,bifarius,yes,3,control,yes,yes,7.25,5.73,2,,,
Aug-02_corydalis_8_bifarius,CORYBIF012,Aug-02,corydalis,8,bifarius,yes,3,control,yes,yes,3.75,1.63,3,,,
Aug-02_corydalis_8_bifarius,CORYBIF012,Aug-02,corydalis,8,bifarius,yes,3,control,no,yes,1.91,1.22,9,,,
Aug-02_corydalis_8_bifarius,CORYBIF012,Aug-02,corydalis,8,bifarius,yes,6,mreu,no,yes,1.32,2.82,6,,,
Aug-02_corydalis_8_bifarius,CORYBIF012,Aug-02,corydalis,8,bifarius,yes,6,mreu,no,yes,2.56,2.91,7,,,
Aug-02_corydalis_8_bifarius,CORYBIF012,Aug-02,corydalis,8,bifarius,yes,6,mreu,no,yes,2.03,0.71,8,,,
Aug-02_corydalis_8_bifarius,CORYBIF012,Aug-02,corydalis,8,bifarius,yes,6,mreu,no,yes,3.05,4.05,12,,,
Aug-02_corydalis_8_bifarius,CORYBIF012,Aug-02,corydalis,8,bifarius,yes,6,mreu,no,yes,0.86,16.17,13,,,
Aug-02_corydalis_8_bifarius,CORYBIF012,Aug-02,corydalis,8,bifarius,yes,6,mreu,no,yes,9.33,1.31,14,,,
Aug-02_corydalis_8_bifarius,CORYBIF012,Aug-02,corydalis,8,bifarius,yes,6,mreu,no,yes,3.91,3.21,15,,,
Aug-02_corydalis_8_bifarius,CORYBIF012,Aug-02,corydalis,8,bifarius,yes,6,mreu,no,yes,0.79,1.1,16,,,
Aug-02_corydalis_8_bifarius,CORYBIF012,Aug-02,corydalis,8,bifarius,yes,2,mreu,no,yes,0.69,1.04,24,,,
Aug-02_corydalis_8_bifarius,CORYBIF012,Aug-02,corydalis,8,bifarius,yes,3,control,yes,no,na,na,4,,,
Aug-02_corydalis_8_bifarius,CORYBIF012,Aug-02,corydalis,8,bifarius,yes,5,control,yes,no,na,na,10,,,
Aug-02_corydalis_8_bifarius,CORYBIF012,Aug-02,corydalis,8,bifarius,yes,3,control,yes,no,na,na,11,,,
Aug-02_corydalis_8_bifarius,CORYBIF012,Aug-02,corydalis,8,bifarius,yes,6,mreu,yes,no,na,na,5,,,
Aug-02_corydalis_8_bifarius,CORYBIF012,Aug-02,corydalis,8,bifarius,yes,2,mreu,no,no,na,na,23,,,
Aug-02_corydalis_9_flavifrons,CORYFLAV015,Aug-02,corydalis,9,flavifrons,no,na,na,na,na,na,na,na,,,
Aug-02_corydalis_10_flavifrons,CORYFLAV016,Aug-02,corydalis,10,flavifrons,no,na,na,na,na,na,na,na,,,
Aug-02_corydalis_11_flavifrons,CORYFLAV017,Aug-02,corydalis,11,flavifrons,no,na,na,na,na,na,na,na,,,
Aug-02_corydalis_12_flavifrons,CORYFLAV018,Aug-02,corydalis,12,flavifrons,yes,5,control,yes,yes,3.01,1.99,1,,,
Aug-02_corydalis_12_flavifrons,CORYFLAV018,Aug-02,corydalis,12,flavifrons,yes,5,control,no,yes,1,16.82,2,,,
Aug-02_corydalis_12_flavifrons,CORYFLAV018,Aug-02,corydalis,12,flavifrons,yes,5,control,no,yes,1.02,11.71,3,,,
Aug-02_corydalis_12_flavifrons,CORYFLAV018,Aug-02,corydalis,12,flavifrons,yes,5,control,no,yes,1.37,11.68,4,,,
Aug-02_corydalis_12_flavifrons,CORYFLAV018,Aug-02,corydalis,12,flavifrons,yes,5,control,no,yes,5.51,1.37,5,,,
Aug-02_corydalis_12_flavifrons,CORYFLAV018,Aug-02,corydalis,12,flavifrons,yes,5,control,no,yes,2.48,6.46,6,,,
Aug-02_corydalis_12_flavifrons,CORYFLAV018,Aug-02,corydalis,12,flavifrons,yes,5,control,no,yes,11.6,1.8,7,,,
Aug-02_corydalis_12_flavifrons,CORYFLAV018,Aug-02,corydalis,12,flavifrons,yes,5,control,no,yes,2.57,1.68,8,,,
Aug-02_corydalis_12_flavifrons,CORYFLAV018,Aug-02,corydalis,12,flavifrons,yes,5,control,no,yes,11.26,1.29,9,,,
Aug-02_corydalis_12_flavifrons,CORYFLAV018,Aug-02,corydalis,12,flavifrons,yes,5,control,yes,yes,13.96,13.52,10,,,
Aug-02_corydalis_12_flavifrons,CORYFLAV018,Aug-02,corydalis,12,flavifrons,yes,2,mreu,no,yes,2.11,3.37,11,,,
Aug-02_corydalis_12_flavifrons,CORYFLAV018,Aug-02,corydalis,12,flavifrons,yes,2,mreu,no,yes,2.45,10.53,12,,,
Aug-02_corydalis_12_flavifrons,CORYFLAV018,Aug-02,corydalis,12,flavifrons,yes,2,mreu,no,yes,5.21,5.74,13,,,
Aug-02_corydalis_12_flavifrons,CORYFLAV018,Aug-02,corydalis,12,flavifrons,yes,2,mreu,no,yes,3.03,5.08,14,,,
Aug-02_corydalis_12_flavifrons,CORYFLAV018,Aug-02,corydalis,12,flavifrons,yes,2,mreu,no,yes,5.23,2.6,15,,,
Aug-01_corydalis_1_mixtus,CORYMIXT002,Aug-01,corydalis,1,mixtus,no,na,na,na,na,na,na,na,,,
Aug-01_corydalis_2_flavifrons,CORYFLAV008,Aug-01,corydalis,2,flavifrons,no,na,na,na,na,na,na,na,,,
Aug-01_corydalis_3_bifarius,CORYBIF004,Aug-01,corydalis,3,bifarius,yes,1,control,no,yes,2.38,5.66,6,,,
Aug-01_corydalis_3_bifarius,CORYBIF004,Aug-01,corydalis,3,bifarius,yes,1,control,no,yes,2.95,3.49,7,,,
Aug-01_corydalis_3_bifarius,CORYBIF004,Aug-01,corydalis,3,bifarius,yes,1,control,no,yes,2.94,1.63,8,,,
Aug-01_corydalis_3_bifarius,CORYBIF004,Aug-01,corydalis,3,bifarius,yes,1,control,no,yes,2.98,0.83,9,,,
Aug-01_corydalis_3_bifarius,CORYBIF004,Aug-01,corydalis,3,bifarius,yes,1,control,no,yes,6.19,4.54,10,,,
Aug-01_corydalis_3_bifarius,CORYBIF004,Aug-01,corydalis,3,bifarius,yes,1,control,no,yes,2.75,8.47,11,,,
Aug-01_corydalis_3_bifarius,CORYBIF004,Aug-01,corydalis,3,bifarius,yes,1,control,no,yes,4.96,0.77,12,,,
Aug-01_corydalis_3_bifarius,CORYBIF004,Aug-01,corydalis,3,bifarius,yes,2,control,yes,yes,12.03,2.74,16,,,
Aug-01_corydalis_3_bifarius,CORYBIF004,Aug-01,corydalis,3,bifarius,yes,6,mreu,yes,yes,1.02,2.24,1,,,
Aug-01_corydalis_3_bifarius,CORYBIF004,Aug-01,corydalis,3,bifarius,yes,6,mreu,no,yes,0.92,13.06,2,,,
Aug-01_corydalis_3_bifarius,CORYBIF004,Aug-01,corydalis,3,bifarius,yes,6,mreu,no,yes,0.54,3.64,3,,,
Aug-01_corydalis_3_bifarius,CORYBIF004,Aug-01,corydalis,3,bifarius,yes,6,mreu,no,yes,1.87,1.58,4,,,
Aug-01_corydalis_3_bifarius,CORYBIF004,Aug-01,corydalis,3,bifarius,yes,6,mreu,no,yes,2.21,1.19,5,,,
Aug-01_corydalis_3_bifarius,CORYBIF004,Aug-01,corydalis,3,bifarius,yes,4,mreu,no,yes,1.58,1.18,13,,,
Aug-01_corydalis_3_bifarius,CORYBIF004,Aug-01,corydalis,3,bifarius,yes,4,mreu,no,yes,2.88,1.71,14,,,
Aug-01_corydalis_3_bifarius,CORYBIF004,Aug-01,corydalis,3,bifarius,yes,3,control,yes,no,na,na,15,,,
Aug-01_corydalis_4_flavifrons,CORYFLAV009,Aug-01,corydalis,4,flavifrons,no,na,na,na,na,na,na,na,,,
Aug-01_corydalis_5_bifarius,CORYBIF005,Aug-01,corydalis,5,bifarius,no,na,na,na,na,na,na,na,,,
Aug-01_corydalis_6_flavifrons,CORYFLAV010,Aug-01,corydalis,6,flavifrons,no,na,na,na,na,na,na,na,,,
Aug-01_corydalis_7_bifarius,CORYBIF006,Aug-01,corydalis,7,bifarius,yes,2,control,yes,yes,12.1,1.33,1,crawledupstem,,
Aug-01_corydalis_7_bifarius,CORYBIF006,Aug-01,corydalis,7,bifarius,yes,2,control,no,yes,4.41,40.33,2,,,
Aug-01_corydalis_7_bifarius,CORYBIF006,Aug-01,corydalis,7,bifarius,yes,2,control,no,yes,9.31,6.21,3,,,
Aug-01_corydalis_7_bifarius,CORYBIF006,Aug-01,corydalis,7,bifarius,yes,2,control,no,yes,9.17,11.54,4,,,
Aug-01_corydalis_7_bifarius,CORYBIF006,Aug-01,corydalis,7,bifarius,yes,3,control,no,yes,2.79,12.55,6,,,
Aug-01_corydalis_7_bifarius,CORYBIF006,Aug-01,corydalis,7,bifarius,yes,3,control,no,yes,3.01,7.6,7,,,
Aug-01_corydalis_7_bifarius,CORYBIF006,Aug-01,corydalis,7,bifarius,yes,3,control,no,yes,2.72,25.33,8,,,
Aug-01_corydalis_7_bifarius,CORYBIF006,Aug-01,corydalis,7,bifarius,yes,3,control,no,yes,10.1,18.98,9,,,
Aug-01_corydalis_7_bifarius,CORYBIF006,Aug-01,corydalis,7,bifarius,yes,2,control,no,yes,1.74,0.86,10,,,
Aug-01_corydalis_7_bifarius,CORYBIF006,Aug-01,corydalis,7,bifarius,yes,2,control,no,yes,3.56,6.95,11,,,
Aug-01_corydalis_7_bifarius,CORYBIF006,Aug-01,corydalis,7,bifarius,yes,6,mreu,no,yes,1.23,0.94,5,,,
Aug-01_corydalis_8_bifarius,CORYBIF007,Aug-01,corydalis,8,bifarius,yes,5,mreu,no,yes,4.73,4.13,1,,,
Aug-01_corydalis_8_bifarius,CORYBIF007,Aug-01,corydalis,8,bifarius,yes,5,mreu,no,yes,3.03,2.15,2,,,
Aug-01_corydalis_8_bifarius,CORYBIF007,Aug-01,corydalis,8,bifarius,yes,5,mreu,yes,yes,7.12,18.44,3,,,
Aug-01_corydalis_8_bifarius,CORYBIF007,Aug-01,corydalis,8,bifarius,yes,5,mreu,no,yes,3.57,8.39,4,,,
Aug-01_corydalis_8_bifarius,CORYBIF007,Aug-01,corydalis,8,bifarius,yes,5,mreu,no,yes,1.7,11.14,5,,,
Aug-01_corydalis_8_bifarius,CORYBIF007,Aug-01,corydalis,8,bifarius,yes,5,mreu,yes,yes,14.67,2.52,6,,,
Aug-01_corydalis_8_bifarius,CORYBIF007,Aug-01,corydalis,8,bifarius,yes,5,mreu,no,yes,3.46,7.13,7,,,
Aug-01_corydalis_8_bifarius,CORYBIF007,Aug-01,corydalis,8,bifarius,yes,5,mreu,no,yes,2.78,4.92,8,,,
Aug-01_corydalis_8_bifarius,CORYBIF007,Aug-01,corydalis,8,bifarius,yes,5,mreu,no,yes,6.27,13.41,9,,,
Aug-01_corydalis_8_bifarius,CORYBIF007,Aug-01,corydalis,8,bifarius,yes,5,mreu,no,yes,14.95,1.43,10,,,
Aug-01_corydalis_9_flavifrons,CORYFLAV011,Aug-01,corydalis,9,flavifrons,yes,6,mreu,yes,yes,10.61,20.21,4,,,
Aug-01_corydalis_9_flavifrons,CORYFLAV011,Aug-01,corydalis,9,flavifrons,yes,6,mreu,yes,yes,13.47,13.33,5,,,
Aug-01_corydalis_9_flavifrons,CORYFLAV011,Aug-01,corydalis,9,flavifrons,yes,6,mreu,no,yes,2.84,18.34,6,,,
Aug-01_corydalis_9_flavifrons,CORYFLAV011,Aug-01,corydalis,9,flavifrons,yes,6,mreu,yes,yes,6.38,19.84,7,,,
Aug-01_corydalis_9_flavifrons,CORYFLAV011,Aug-01,corydalis,9,flavifrons,yes,6,mreu,yes,yes,0.77,0.81,8,,,
Aug-01_corydalis_9_flavifrons,CORYFLAV011,Aug-01,corydalis,9,flavifrons,yes,6,mreu,yes,yes,5.74,4.5,9,,,
Aug-01_corydalis_9_flavifrons,CORYFLAV011,Aug-01,corydalis,9,flavifrons,yes,6,mreu,yes,yes,3.12,1.54,10,,,
Aug-01_corydalis_9_flavifrons,CORYFLAV011,Aug-01,corydalis,9,flavifrons,yes,6,mreu,no,yes,4,12.38,11,,,
Aug-01_corydalis_9_flavifrons,CORYFLAV011,Aug-01,corydalis,9,flavifrons,yes,6,mreu,no,yes,2.54,7.07,12,,,
Aug-01_corydalis_9_flavifrons,CORYFLAV011,Aug-01,corydalis,9,flavifrons,yes,6,mreu,no,yes,0.55,4.22,13,,,
Aug-01_corydalis_9_flavifrons,CORYFLAV011,Aug-01,corydalis,9,flavifrons,yes,6,mreu,yes,yes,0.59,9.21,14,,,
Aug-01_corydalis_9_flavifrons,CORYFLAV011,Aug-01,corydalis,9,flavifrons,yes,6,mreu,yes,yes,3.77,1.11,15,,,
Aug-01_corydalis_9_flavifrons,CORYFLAV011,Aug-01,corydalis,9,flavifrons,yes,6,mreu,yes,yes,4.04,7.48,16,,,
Aug-01_corydalis_9_flavifrons,CORYFLAV011,Aug-01,corydalis,9,flavifrons,yes,6,mreu,yes,yes,6.15,2.18,17,,,
Aug-01_corydalis_9_flavifrons,CORYFLAV011,Aug-01,corydalis,9,flavifrons,yes,6,mreu,yes,yes,12.25,1.01,18,,,
Aug-01_corydalis_9_flavifrons,CORYFLAV011,Aug-01,corydalis,9,flavifrons,yes,3,control,yes,no,na,na,19,,,
Aug-01_corydalis_9_flavifrons,CORYFLAV011,Aug-01,corydalis,9,flavifrons,yes,3,control,yes,no,na,na,20,,,
Aug-01_corydalis_9_flavifrons,CORYFLAV011,Aug-01,corydalis,9,flavifrons,yes,3,control,yes,no,na,na,21,,,
Aug-01_corydalis_9_flavifrons,CORYFLAV011,Aug-01,corydalis,9,flavifrons,yes,3,control,yes,no,na,na,2,,,
Aug-01_corydalis_9_flavifrons,CORYFLAV011,Aug-01,corydalis,9,flavifrons,yes,5,mreu,yes,no,na,na,1,,,
Aug-01_corydalis_9_flavifrons,CORYFLAV011,Aug-01,corydalis,9,flavifrons,yes,6,mreu,yes,no,na,na,3,,,
Aug-01_corydalis_10_flavifrons,CORYFLAV012,Aug-01,corydalis,10,flavifrons,no,na,na,na,na,na,na,na,,,
Aug-01_corydalis_11_mixtus,CORYMIXT003,Aug-01,corydalis,11,mixtus,yes,3,control,no,yes,1.94,0.91,7,,,
Aug-01_corydalis_11_mixtus,CORYMIXT003,Aug-01,corydalis,11,mixtus,yes,3,control,no,yes,2.91,2,8,,,
Aug-01_corydalis_11_mixtus,CORYMIXT003,Aug-01,corydalis,11,mixtus,yes,2,control,no,yes,0.61,7.85,9,,,
Aug-01_corydalis_11_mixtus,CORYMIXT003,Aug-01,corydalis,11,mixtus,yes,2,control,no,yes,1.63,1.05,10,,,
Aug-01_corydalis_11_mixtus,CORYMIXT003,Aug-01,corydalis,11,mixtus,yes,2,control,no,yes,0.86,0.6,11,,,
Aug-01_corydalis_11_mixtus,CORYMIXT003,Aug-01,corydalis,11,mixtus,yes,2,control,no,yes,0.81,6.22,12,,,
Aug-01_corydalis_11_mixtus,CORYMIXT003,Aug-01,corydalis,11,mixtus,yes,2,control,no,yes,1.92,4.63,13,,,
Aug-01_corydalis_11_mixtus,CORYMIXT003,Aug-01,corydalis,11,mixtus,yes,4,mreu,no,yes,0.99,3.84,1,,,
Aug-01_corydalis_11_mixtus,CORYMIXT003,Aug-01,corydalis,11,mixtus,yes,4,mreu,no,yes,4.39,1.95,2,,,
Aug-01_corydalis_11_mixtus,CORYMIXT003,Aug-01,corydalis,11,mixtus,yes,5,mreu,no,yes,1.69,21.58,3,,,
Aug-01_corydalis_11_mixtus,CORYMIXT003,Aug-01,corydalis,11,mixtus,yes,5,mreu,yes,yes,3.61,17.01,4,,,
Aug-01_corydalis_11_mixtus,CORYMIXT003,Aug-01,corydalis,11,mixtus,yes,5,mreu,no,yes,1.58,1.02,5,,,
Aug-01_corydalis_11_mixtus,CORYMIXT003,Aug-01,corydalis,11,mixtus,yes,4,mreu,no,yes,0.9,9.91,6,,,
Aug-01_corydalis_11_mixtus,CORYMIXT003,Aug-01,corydalis,11,mixtus,yes,5,mreu,no,yes,1.05,0.97,14,,,
Aug-01_corydalis_11_mixtus,CORYMIXT003,Aug-01,corydalis,11,mixtus,yes,5,mreu,no,yes,0.91,6.89,15,,,
Aug-01_corydalis_11_mixtus,CORYMIXT003,Aug-01,corydalis,11,mixtus,yes,5,mreu,no,yes,0.97,6.28,16,,,
Jul-31_corydalis_1_flavifrons,CORYFLAV001,Jul-31,corydalis,1,flavifrons,yes,1,control,no,yes,15.38,13.84,3,,,
Jul-31_corydalis_1_flavifrons,CORYFLAV001,Jul-31,corydalis,1,flavifrons,yes,1,control,no,yes,0.73,1.4,4,,,
Jul-31_corydalis_1_flavifrons,CORYFLAV001,Jul-31,corydalis,1,flavifrons,yes,4,control,no,no,na,na,2,,,
Jul-31_corydalis_1_flavifrons,CORYFLAV001,Jul-31,corydalis,1,flavifrons,yes,6,mreu,yes,no,na,na,1,couldnotfindhole,,
Jul-31_corydalis_2_flavifrons,CORYFLAV002,Jul-31,corydalis,2,flavifrons,yes,3,mreu,yes,no,na,na,1,,,
Jul-31_corydalis_2_flavifrons,CORYFLAV002,Jul-31,corydalis,2,flavifrons,yes,3,mreu,yes,no,na,na,2,,,
Jul-31_corydalis_2_flavifrons,CORYFLAV002,Jul-31,corydalis,2,flavifrons,yes,3,mreu,yes,no,na,na,3,,,
Jul-31_corydalis_3_bifarius,CORYBIF001,Jul-31,corydalis,3,bifarius,yes,3,mreu,yes,yes,0.85,20.87,3,,,
Jul-31_corydalis_3_bifarius,CORYBIF001,Jul-31,corydalis,3,bifarius,yes,3,mreu,no,yes,0.78,8.91,4,,,
Jul-31_corydalis_3_bifarius,CORYBIF001,Jul-31,corydalis,3,bifarius,yes,3,mreu,no,yes,2.91,16.24,5,,,
Jul-31_corydalis_3_bifarius,CORYBIF001,Jul-31,corydalis,3,bifarius,yes,3,mreu,no,no,na,na,1,,,
Jul-31_corydalis_3_bifarius,CORYBIF001,Jul-31,corydalis,3,bifarius,yes,3,mreu,yes,no,na,na,2,,,
Jul-31_corydalis_4_flavifrons,CORYFLAV003,Jul-31,corydalis,4,flavifrons,no/dead,na,na,na,na,na,na,na,,,
Jul-31_corydalis_5_bifarius,CORYBIF002,Jul-31,corydalis,5,bifarius,no,na,na,na,na,na,na,na,,,
Jul-31_corydalis_6_flavifrons,CORYFLAV004,Jul-31,corydalis,6,flavifrons,yes,3,mreu,no,yes,3.37,3.86,3,,,
Jul-31_corydalis_6_flavifrons,CORYFLAV004,Jul-31,corydalis,6,flavifrons,yes,3,mreu,no,yes,0.59,2.84,4,,,
Jul-31_corydalis_6_flavifrons,CORYFLAV004,Jul-31,corydalis,6,flavifrons,yes,5,control,no,no,na,na,1,,,
Jul-31_corydalis_6_flavifrons,CORYFLAV004,Jul-31,corydalis,6,flavifrons,yes,1,control,no,no,na,na,2,,,
Jul-31_corydalis_6_flavifrons,CORYFLAV004,Jul-31,corydalis,6,flavifrons,yes,5,control,no,no,na,na,5,,,
Jul-31_corydalis_7_bifarius,CORYBIF003,Jul-31,corydalis,7,bifarius,yes,1,control,yes,no,na,na,1,,,
Jul-31_corydalis_7_bifarius,CORYBIF003,Jul-31,corydalis,7,bifarius,yes,4,control,yes,no,na,na,2,,,
Jul-31_corydalis_8_flavifrons,CORYFLAV005,Jul-31,corydalis,8,flavifrons,no/dead,na,na,na,na,na,na,na,,,
Jul-31_corydalis_9_flavifrons,CORYFLAV006,Jul-31,corydalis,9,flavifrons,yes,4,control,no,yes,18.32,17.88,1,,,
Jul-31_corydalis_9_flavifrons,CORYFLAV006,Jul-31,corydalis,9,flavifrons,yes,4,control,no,yes,6.02,17.5,2,,,
Jul-31_corydalis_9_flavifrons,CORYFLAV006,Jul-31,corydalis,9,flavifrons,yes,4,control,no,yes,0.73,4.66,3,,,
Jul-31_corydalis_9_flavifrons,CORYFLAV006,Jul-31,corydalis,9,flavifrons,yes,4,control,no,yes,2.81,2.56,4,,,
Jul-31_corydalis_9_flavifrons,CORYFLAV006,Jul-31,corydalis,9,flavifrons,yes,4,control,no,yes,0.91,11.09,5,,,
Jul-31_corydalis_9_flavifrons,CORYFLAV006,Jul-31,corydalis,9,flavifrons,yes,4,control,yes,no,na,na,6,,,
Jul-31_corydalis_9_flavifrons,CORYFLAV006,Jul-31,corydalis,9,flavifrons,yes,4,control,yes,no,na,na,8,,,
Jul-31_corydalis_9_flavifrons,CORYFLAV006,Jul-31,corydalis,9,flavifrons,yes,1,control,no,no,na,na,9,,,
Jul-31_corydalis_9_flavifrons,CORYFLAV006,Jul-31,corydalis,9,flavifrons,yes,6,mreu,yes,no,na,na,7,,,
Jul-31_corydalis_10_flavifrons,CORYFLAV007,Jul-31,corydalis,10,flavifrons,no/dead,na,na,na,na,na,na,na,,,
Jul-31_corydalis_11_mixtus,CORYMIXT001,Jul-31,corydalis,11,mixtus,yes,1,control,yes,na,na,na,1,4minutesonplantnothing,,
